#usda 1.0
(
    defaultPrim = "HandSafetyTestHand"
)

def Xform "HandSafetyTestHand"
{
    def Mesh "RightHand" (
        prepend apiSchemas = ["MaterialBindingAPI"]
    )
    {
        uniform bool doubleSided = 1
        int[] faceVertexCounts = [3, 3, 3, 3, 3, 3, 3, 3, 3, 3, 3, 3, 3, 3, 3, 3, 3, 3, 3, 3, 3, 3, 3, 3, 3, 3, 3, 3, 3, 3, 3, 3, 3, 3, 3, 3, 3, 3, 3, 3, 3, 3, 3, 3, 3, 3, 3, 3, 3, 3, 3, 3, 3, 3, 3, 3, 3, 3, 3, 3, 3, 3, 3, 3, 3, 3, 3, 3, 3, 3, 3, 3, 3, 3, 3, 3, 3, 3, 3, 3, 3, 3, 3, 3, 3, 3, 3, 3, 3, 3, 3, 3, 3, 3, 3, 3, 3, 3, 3, 3, 3, 3, 3, 3, 3, 3, 3, 3, 3, 3, 3, 3, 3, 3, 3, 3, 3, 3, 3, 3, 3, 3, 3, 3, 3, 3, 3, 3, 3, 3, 3, 3, 3, 3, 3, 3, 3, 3, 3, 3, 3, 3, 3, 3, 3, 3, 3, 3, 3, 3, 3, 3, 3, 3, 3, 3, 3, 3, 3, 3, 3, 3, 3, 3, 3, 3, 3, 3, 3, 3, 3, 3, 3, 3, 3, 3, 3, 3, 3, 3, 3, 3, 3, 3, 3, 3, 3, 3, 3, 3, 3, 3, 3, 3, 3, 3, 3, 3, 3, 3, 3, 3, 3, 3, 3, 3, 3, 3, 3, 3, 3, 3, 3, 3, 3, 3, 3, 3, 3, 3, 3, 3, 3, 3, 3, 3, 3, 3, 3, 3, 3, 3, 3, 3, 3, 3, 3, 3, 3, 3, 3, 3, 3, 3, 3, 3, 3, 3, 3, 3, 3, 3, 3, 3, 3, 3, 3, 3, 3, 3, 3, 3, 3, 3, 3, 3, 3, 3, 3, 3, 3, 3, 3, 3, 3, 3, 3, 3, 3, 3, 3, 3, 3, 3, 3, 3, 3, 3, 3, 3, 3, 3, 3, 3, 3, 3, 3, 3, 3, 3, 3, 3, 3, 3, 3, 3, 3, 3, 3, 3, 3, 3, 3, 3, 3, 3, 3, 3, 3, 3, 3, 3, 3, 3, 3, 3, 3, 3, 3, 3, 3, 3, 3, 3, 3, 3, 3, 3, 3, 3, 3, 3, 3, 3, 3, 3, 3, 3, 3, 3, 3, 3, 3, 3, 3, 3, 3, 3, 3, 3, 3, 3, 3, 3, 3, 3, 3, 3, 3, 3, 3, 3, 3, 3, 3, 3, 3, 3, 3, 3, 3, 3, 3, 3, 3, 3, 3, 3, 3, 3, 3, 3, 3, 3, 3, 3, 3, 3, 3, 3, 3, 3, 3, 3, 3, 3, 3, 3, 3, 3, 3, 3, 3, 3, 3, 3, 3, 3, 3, 3, 3, 3, 3, 3, 3, 3, 3, 3, 3, 3, 3, 3, 3, 3, 3, 3, 3, 3, 3, 3, 3, 3, 3, 3, 3, 3, 3, 3, 3, 3, 3, 3, 3, 3, 3, 3, 3, 3, 3, 3, 3, 3, 3, 3, 3, 3, 3, 3, 3, 3, 3, 3, 3, 3, 3, 3, 3, 3, 3, 3, 3, 3, 3, 3, 3, 3, 3, 3, 3, 3, 3, 3, 3, 3, 3, 3, 3, 3, 3, 3, 3, 3, 3, 3, 3, 3, 3, 3, 3, 3, 3, 3, 3, 3, 3, 3, 3, 3, 3, 3, 3, 3, 3, 3, 3, 3, 3, 3, 3, 3, 3, 3, 3, 3, 3, 3, 3, 3, 3, 3, 3, 3, 3, 3, 3, 3, 3, 3, 3, 3, 3, 3, 3, 3, 3, 3, 3, 3, 3, 3, 3, 3, 3, 3, 3, 3, 3, 3, 3, 3, 3, 3, 3, 3, 3, 3, 3, 3, 3, 3, 3, 3, 3, 3, 3, 3, 3, 3, 3, 3, 3, 3, 3, 3, 3, 3, 3, 3, 3, 3, 3, 3, 3, 3, 3, 3, 3, 3]
        int[] faceVertexIndices = [0, 1, 2, 3, 4, 5, 6, 7, 8, 9, 10, 11, 12, 13, 14, 15, 16, 17, 18, 19, 20, 21, 22, 23, 24, 25, 0, 24, 0, 26, 27, 23, 28, 29, 30, 31, 32, 33, 34, 34, 33, 35, 36, 37, 38, 36, 38, 39, 39, 40, 41, 39, 41, 36, 42, 43, 30, 42, 30, 29, 42, 4, 3, 42, 3, 43, 44, 4, 45, 44, 45, 46, 4, 42, 45, 47, 48, 49, 47, 49, 50, 50, 51, 52, 50, 52, 47, 53, 54, 55, 50, 49, 56, 57, 58, 59, 57, 59, 60, 54, 61, 62, 54, 62, 55, 63, 57, 60, 63, 60, 64, 49, 65, 56, 66, 54, 53, 59, 62, 61, 59, 61, 60, 67, 62, 59, 59, 58, 68, 59, 68, 67, 49, 69, 65, 69, 49, 48, 60, 61, 70, 54, 71, 61, 53, 56, 65, 53, 65, 66, 72, 54, 66, 39, 38, 67, 39, 67, 68, 73, 38, 74, 73, 74, 75, 37, 36, 44, 37, 44, 46, 31, 76, 63, 77, 68, 58, 77, 58, 2, 51, 78, 79, 51, 79, 52, 57, 2, 58, 80, 81, 82, 80, 82, 83, 81, 84, 85, 81, 85, 82, 84, 86, 85, 82, 87, 88, 82, 88, 83, 88, 87, 89, 87, 82, 85, 89, 87, 90, 89, 90, 91, 85, 86, 92, 87, 85, 92, 87, 92, 90, 86, 93, 92, 94, 95, 93, 94, 93, 86, 96, 91, 90, 96, 70, 91, 48, 97, 69, 96, 97, 48, 95, 65, 69, 90, 92, 97, 90, 97, 96, 95, 69, 93, 93, 97, 92, 93, 69, 97, 56, 98, 51, 56, 51, 50, 88, 89, 99, 88, 100, 101, 88, 101, 83, 88, 99, 100, 89, 91, 102, 89, 102, 99, 100, 103, 104, 100, 104, 101, 99, 102, 103, 99, 103, 100, 104, 103, 105, 104, 105, 94, 105, 95, 94, 70, 61, 71, 106, 102, 91, 91, 70, 71, 91, 71, 106, 54, 72, 107, 54, 107, 106, 54, 106, 71, 95, 72, 65, 107, 102, 106, 107, 103, 102, 95, 105, 72, 65, 72, 66, 107, 105, 103, 105, 107, 72, 55, 108, 53, 56, 53, 108, 56, 108, 98, 55, 62, 73, 55, 73, 75, 75, 74, 109, 75, 109, 110, 67, 38, 73, 67, 73, 62, 33, 32, 46, 33, 46, 111, 46, 45, 111, 42, 112, 111, 42, 111, 45, 37, 46, 113, 38, 37, 113, 38, 113, 74, 75, 114, 108, 75, 108, 55, 42, 79, 78, 42, 78, 112, 115, 112, 78, 115, 78, 116, 114, 115, 116, 114, 116, 108, 51, 98, 116, 51, 116, 78, 98, 108, 116, 35, 33, 117, 35, 117, 118, 117, 33, 111, 117, 111, 112, 112, 115, 119, 112, 119, 117, 120, 118, 117, 120, 117, 119, 118, 120, 121, 118, 121, 122, 115, 114, 123, 115, 123, 119, 123, 120, 119, 35, 122, 124, 35, 124, 34, 124, 125, 34, 125, 32, 34, 74, 113, 126, 74, 126, 109, 32, 126, 113, 32, 113, 46, 127, 128, 109, 127, 109, 126, 126, 32, 125, 126, 125, 127, 128, 129, 110, 128, 110, 109, 129, 123, 110, 127, 130, 128, 129, 128, 130, 129, 130, 131, 132, 121, 120, 132, 120, 123, 122, 35, 118, 129, 131, 132, 129, 132, 123, 110, 123, 114, 110, 114, 75, 29, 79, 42, 133, 44, 36, 133, 36, 41, 40, 39, 68, 40, 68, 77, 5, 4, 44, 5, 44, 133, 133, 134, 135, 76, 31, 136, 41, 137, 134, 41, 134, 133, 40, 138, 41, 40, 139, 138, 57, 76, 26, 77, 2, 1, 77, 1, 23, 0, 2, 57, 0, 57, 26, 77, 23, 140, 40, 141, 139, 77, 140, 141, 77, 141, 40, 43, 142, 30, 30, 142, 143, 136, 31, 30, 136, 30, 143, 5, 133, 135, 5, 135, 144, 145, 5, 144, 3, 5, 145, 3, 145, 146, 147, 3, 146, 43, 3, 147, 43, 147, 148, 142, 43, 148, 149, 138, 139, 150, 145, 151, 145, 144, 151, 145, 150, 146, 147, 146, 152, 147, 152, 153, 147, 153, 148, 142, 148, 154, 142, 155, 143, 0, 156, 1, 23, 22, 140, 23, 1, 28, 141, 157, 158, 141, 158, 139, 141, 140, 159, 141, 159, 157, 158, 149, 139, 22, 159, 140, 28, 1, 156, 155, 142, 154, 160, 150, 151, 160, 151, 161, 158, 160, 161, 158, 161, 149, 162, 153, 152, 162, 152, 163, 159, 22, 162, 159, 162, 163, 164, 28, 156, 164, 156, 165, 155, 154, 164, 155, 164, 165, 9, 166, 167, 9, 168, 166, 169, 170, 171, 170, 172, 171, 169, 173, 174, 173, 169, 171, 167, 166, 173, 167, 173, 171, 175, 134, 176, 177, 144, 135, 177, 135, 178, 176, 168, 9, 178, 175, 11, 167, 171, 10, 167, 10, 9, 179, 172, 180, 179, 11, 10, 9, 11, 175, 9, 175, 176, 179, 177, 178, 179, 178, 11, 134, 175, 178, 134, 178, 135, 172, 179, 10, 172, 10, 171, 134, 137, 176, 138, 168, 176, 138, 176, 137, 6, 8, 166, 6, 166, 168, 181, 182, 183, 184, 181, 183, 173, 183, 182, 173, 182, 174, 173, 166, 183, 166, 8, 183, 183, 185, 184, 183, 8, 185, 161, 151, 186, 187, 188, 186, 177, 189, 186, 177, 186, 144, 168, 188, 6, 190, 187, 189, 190, 189, 191, 7, 185, 8, 191, 179, 180, 191, 180, 184, 190, 7, 6, 187, 190, 6, 187, 6, 188, 179, 191, 189, 179, 189, 177, 186, 189, 187, 185, 7, 191, 185, 191, 184, 190, 191, 7, 186, 188, 149, 186, 149, 161, 144, 186, 151, 138, 149, 188, 138, 188, 168, 192, 193, 194, 194, 193, 195, 192, 196, 197, 196, 192, 194, 198, 196, 199, 196, 194, 199, 12, 200, 198, 12, 198, 199, 200, 201, 157, 160, 202, 150, 203, 202, 201, 204, 202, 205, 201, 200, 12, 205, 203, 14, 205, 14, 206, 207, 13, 208, 199, 194, 13, 199, 13, 12, 208, 195, 209, 208, 209, 207, 207, 206, 13, 12, 14, 203, 12, 203, 201, 207, 204, 205, 207, 205, 206, 202, 203, 205, 195, 208, 13, 195, 13, 194, 13, 206, 14, 210, 211, 131, 210, 131, 130, 202, 160, 158, 202, 158, 201, 204, 146, 150, 204, 150, 202, 157, 201, 158, 196, 212, 213, 196, 213, 197, 212, 196, 198, 212, 214, 215, 212, 215, 213, 214, 216, 215, 217, 212, 198, 217, 198, 200, 200, 157, 218, 163, 152, 219, 220, 218, 163, 204, 221, 219, 200, 218, 217, 222, 220, 221, 222, 221, 223, 224, 214, 212, 224, 212, 217, 223, 207, 209, 223, 209, 216, 222, 224, 217, 220, 222, 217, 220, 217, 218, 207, 223, 221, 207, 221, 204, 163, 219, 221, 163, 221, 220, 214, 224, 223, 214, 223, 216, 222, 223, 224, 163, 218, 159, 204, 219, 152, 204, 152, 146, 218, 157, 159, 225, 226, 227, 226, 225, 228, 226, 228, 229, 229, 228, 230, 226, 231, 232, 231, 233, 232, 231, 226, 229, 233, 231, 18, 231, 229, 18, 18, 234, 233, 235, 25, 234, 235, 234, 18, 18, 20, 235, 165, 236, 155, 237, 165, 238, 239, 240, 236, 239, 236, 241, 238, 25, 235, 241, 237, 20, 241, 20, 242, 18, 229, 19, 242, 230, 243, 242, 243, 244, 235, 20, 237, 235, 237, 238, 244, 239, 241, 244, 241, 242, 165, 237, 241, 165, 241, 236, 230, 242, 19, 230, 19, 229, 242, 20, 19, 165, 156, 238, 240, 143, 155, 240, 155, 236, 0, 238, 156, 0, 25, 238, 245, 246, 227, 246, 245, 247, 245, 227, 226, 247, 245, 248, 249, 247, 248, 232, 250, 245, 232, 245, 226, 232, 233, 250, 250, 248, 245, 233, 251, 250, 250, 251, 248, 251, 233, 234, 24, 251, 234, 24, 234, 25, 252, 251, 24, 76, 136, 253, 253, 24, 26, 239, 254, 136, 239, 136, 240, 252, 253, 254, 252, 254, 255, 256, 132, 131, 256, 131, 211, 257, 248, 251, 255, 244, 243, 255, 243, 249, 262, 261, 125, 262, 125, 124, 260, 210, 130, 260, 130, 127, 252, 257, 251, 253, 252, 24, 244, 255, 254, 244, 254, 239, 253, 136, 254, 248, 257, 255, 248, 255, 249, 252, 255, 257, 253, 26, 76, 240, 136, 143, 263, 264, 265, 265, 266, 263, 263, 266, 267, 267, 266, 268, 263, 269, 270, 263, 270, 271, 269, 272, 270, 269, 263, 267, 272, 269, 273, 269, 267, 273, 21, 23, 274, 273, 275, 272, 275, 273, 15, 276, 277, 278, 162, 279, 153, 280, 279, 21, 277, 148, 153, 277, 153, 281, 21, 274, 275, 21, 275, 15, 281, 280, 17, 281, 17, 278, 273, 267, 16, 278, 268, 282, 278, 282, 276, 15, 273, 16, 15, 17, 280, 15, 280, 21, 277, 281, 278, 279, 280, 281, 279, 281, 153, 268, 278, 16, 268, 16, 267, 278, 17, 16, 279, 162, 22, 279, 22, 21, 283, 264, 263, 283, 263, 271, 284, 283, 271, 284, 271, 285, 286, 284, 285, 270, 287, 271, 287, 270, 272, 287, 285, 271, 23, 27, 274, 288, 287, 272, 288, 272, 275, 276, 289, 277, 164, 154, 290, 291, 290, 292, 293, 27, 292, 277, 294, 290, 277, 290, 148, 275, 274, 27, 275, 27, 288, 295, 293, 294, 295, 294, 289, 296, 285, 287, 296, 287, 288, 289, 276, 282, 289, 282, 286, 295, 296, 288, 293, 295, 288, 293, 288, 27, 277, 289, 294, 292, 290, 294, 292, 294, 293, 258, 262, 124, 258, 124, 122, 285, 296, 289, 285, 289, 286, 295, 289, 296, 292, 27, 28, 292, 28, 164, 148, 290, 154, 122, 121, 259, 122, 259, 258, 127, 125, 261, 127, 261, 260, 121, 132, 256, 121, 256, 259, 64, 60, 70, 64, 70, 96, 31, 63, 47, 31, 47, 52, 29, 31, 52, 29, 52, 79, 57, 63, 76, 96, 48, 64, 64, 48, 47, 64, 47, 63, 41, 138, 137, 282, 268, 297, 282, 297, 298, 180, 172, 170, 180, 170, 182, 169, 174, 182, 169, 182, 170, 266, 265, 297, 299, 300, 104, 299, 104, 94, 286, 301, 284, 282, 298, 301, 282, 301, 286, 298, 302, 264, 182, 181, 184, 184, 180, 182, 300, 101, 104, 192, 197, 303, 193, 192, 195, 209, 195, 192, 209, 192, 303, 283, 284, 298, 284, 301, 298, 304, 303, 197, 197, 213, 304, 213, 215, 303, 213, 303, 304, 216, 303, 215, 209, 303, 216, 305, 306, 307, 307, 225, 227, 307, 227, 305, 307, 306, 228, 307, 228, 225, 228, 306, 230, 306, 243, 230, 264, 283, 298, 246, 308, 309, 227, 246, 305, 246, 247, 249, 306, 246, 249, 306, 249, 243, 299, 86, 310, 86, 299, 94, 310, 86, 84, 264, 302, 297, 264, 297, 265, 297, 302, 298, 311, 312, 84, 312, 81, 80, 266, 297, 268, 84, 312, 310, 80, 299, 310, 80, 310, 312, 101, 300, 83, 83, 300, 299, 83, 299, 80]
        rel material:binding = </HandSafetyTestHand/Looks/Skin>
        point3f[] points = [(-0.08562881, -0.025603918, -0.013992548), (-0.08496553, -0.018105108, -0.012092948), (-0.07358307, -0.026190242, -0.01583004), (-0.066955805, 0.00013324618, 0.0089662075), (-0.047051072, 0.01012513, 0.008165598), (-0.0663079, 0.011344507, 0.0029199123), (-0.10958457, 0.012017723, -0.011305451), (-0.11418414, 0.009970415, -0.0065500736), (-0.122525275, 0.012206662, -0.010284543), (-0.111833215, 0.019393492, -0.010464311), (-0.11294985, 0.020878073, -0.00605011), (-0.10829353, 0.02056231, -0.0053123236), (-0.13025492, 0.0074463934, -0.0075597763), (-0.13328558, 0.009392705, -0.002105713), (-0.1279481, 0.009079702, -0.0035245419), (-0.13087898, -0.007217236, -0.0059537888), (-0.13937026, -0.00540689, -0.0014671087), (-0.13333857, -0.005106408, -0.0020183325), (-0.13678873, -0.0213263, -0.007301688), (-0.13428545, -0.019408047, -0.004008889), (-0.12601095, -0.019582033, -0.004369974), (-0.10519254, -0.0061819665, -0.006718755), (-0.089148045, -0.0071086884, -0.008987665), (-0.08566642, -0.011363324, -0.012905836), (-0.11419082, -0.030324236, -0.008769035), (-0.11064768, -0.026191095, -0.011057973), (-0.08826834, -0.031105395, -0.011016369), (-0.110661566, -0.01490071, -0.006864071), (-0.09009498, -0.015631437, -0.009363055), (-0.049482167, -0.031745248, 0.008469105), (-0.068288624, -0.027843343, 0.008142948), (-0.05645013, -0.037848268, 0.0019395351), (-0.0010326505, 0.018202458, 0.0029039383), (0.0006733537, 0.013538342, 0.010857701), (0.010174811, 0.016783882, 0.008565545), (0.013308883, 0.010930717, 0.0135394335), (-0.045928776, 0.02044269, -0.013703823), (-0.026992977, 0.017707054, -0.013804436), (-0.02512443, 0.0077025704, -0.02130866), (-0.046737194, 0.008875977, -0.020625114), (-0.0706231, 0.009607706, -0.018790722), (-0.06753969, 0.019696753, -0.015193105), (-0.03072679, -0.015928186, 0.012683272), (-0.06741172, -0.012753837, 0.012004614), (-0.044961274, 0.019556742, -0.0017735958), (-0.027152836, 0.010823257, 0.008644104), (-0.01400739, 0.016594868, -0.00084996223), (-0.04665762, -0.045209084, -0.000007987022), (-0.051083446, -0.049281243, -0.0009887218), (-0.044460475, -0.05450136, -0.0032346249), (-0.037010133, -0.049094312, -0.0030084848), (-0.030786157, -0.041367285, -0.001425147), (-0.041882455, -0.040667687, 0.0019484758), (-0.038235724, -0.047553763, -0.019728184), (-0.050317943, -0.048557032, -0.020483375), (-0.020928025, -0.022550656, -0.02526927), (-0.033682346, -0.050266813, -0.0114558935), (-0.058641493, -0.037203692, -0.013760686), (-0.057145774, -0.028883258, -0.013988733), (-0.05256182, -0.02908072, -0.015299916), (-0.057118, -0.03990747, -0.013848782), (-0.05391848, -0.043190822, -0.016378641), (-0.03286463, -0.01622286, -0.021983385), (-0.056922317, -0.04063608, -0.0037282705), (-0.057034135, -0.04352931, -0.0043172836), (-0.050450265, -0.05905045, -0.010778785), (-0.04886985, -0.05507706, -0.017870784), (-0.041796625, -0.008608792, -0.015640378), (-0.048493564, -0.010080311, -0.014521837), (-0.061833262, -0.0606142, -0.004036665), (-0.059717417, -0.0435695, -0.011932135), (-0.061314344, -0.04862844, -0.015282273), (-0.063406765, -0.0609507, -0.0154720545), (-0.02125907, -0.0047930256, -0.020905733), (-0.008823752, 0.005529277, -0.01850319), (-0.0054607987, -0.0126541965, -0.02195263), (-0.076610565, -0.035653163, -0.0050901175), (-0.07267225, -0.009172976, -0.016430616), (-0.017761588, -0.031340636, 0.0028047562), (-0.034411073, -0.032049455, 0.006811857), (-0.09182596, -0.07165347, -0.0082371235), (-0.09087473, -0.07054772, -0.0044032335), (-0.09063774, -0.06999108, -0.0037648678), (-0.09180087, -0.07157008, -0.011558294), (-0.089877605, -0.06963763, -0.0034136772), (-0.08962661, -0.06931022, -0.0033198595), (-0.08378184, -0.06758155, -0.0043262243), (-0.0917443, -0.06264335, -0.004191041), (-0.09369296, -0.0673046, -0.011899233), (-0.0928638, -0.061960097, -0.008585453), (-0.08118564, -0.055776145, -0.0041736364), (-0.08122015, -0.0538937, -0.010131359), (-0.08218789, -0.06399127, -0.0010970831), (-0.07657927, -0.06596757, -0.0032474995), (-0.0828318, -0.06797965, -0.012650251), (-0.07064688, -0.06653664, -0.009172201), (-0.05984521, -0.046454787, -0.0050718784), (-0.074748814, -0.059258714, -0.0006160736), (-0.022870839, -0.039875064, -0.009395838), (-0.092282176, -0.06422854, -0.013749599), (-0.09276688, -0.06636927, -0.013941407), (-0.09065473, -0.070654646, -0.013330221), (-0.084747136, -0.05893573, -0.016340017), (-0.08188629, -0.06502174, -0.017019868), (-0.08429754, -0.06803951, -0.013899088), (-0.07712197, -0.066130474, -0.014960408), (-0.0741604, -0.054784123, -0.0150972605), (-0.076764405, -0.061540164, -0.01733911), (-0.014072061, -0.030042525, -0.018246055), (0.005033076, 0.0038426667, -0.015850306), (0.008465171, -0.014327396, -0.015074372), (-0.012565434, 0.011084277, 0.009302855), (-0.009508491, -0.01772935, 0.01118052), (-0.011990786, 0.0137626715, -0.011381388), (-0.0033836365, -0.027277518, -0.0112656355), (-0.00608629, -0.029896231, 0.0023604631), (-0.013965547, -0.033469256, -0.0025465488), (0.0021879673, -0.014290828, 0.014500022), (0.015507638, -0.007941943, 0.015712142), (0.00810045, -0.026081393, 0.006768346), (0.01982069, -0.023421528, 0.0101674795), (0.040489316, -0.01691188, 0.015330434), (0.036469102, 0.004090421, 0.018814564), (0.01273495, -0.025444945, -0.003861308), (0.035975993, 0.020697284, 0.007562399), (0.03131634, 0.021021273, -0.0034623146), (0.0024130344, 0.0136403255, -0.0094099045), (0.026663959, 0.01464038, -0.013522267), (0.019022584, 0.0033366717, -0.017185926), (0.02145493, -0.015158825, -0.013201714), (0.037097275, 0.0019863434, -0.01971519), (0.0404765, -0.01734123, -0.01098001), (0.041006148, -0.02432534, 0.0050833225), (-0.06523067, 0.020198245, -0.0030468702), (-0.077483, 0.021759983, -0.0063809156), (-0.075084746, 0.01884805, -0.0014945269), (-0.08142561, -0.0319634, 0.0022886992), (-0.08007026, 0.020133559, -0.011404514), (-0.08033091, 0.015891802, -0.013640523), (-0.08188081, 0.010186341, -0.013114095), (-0.08449656, -0.004354883, -0.012359738), (-0.08408713, 0.0025784783, -0.014962912), (-0.080115736, -0.019020751, 0.005818367), (-0.08419889, -0.026248042, 0.0064297915), (-0.08338183, 0.014750261, 0.0007452965), (-0.07544577, 0.008351948, 0.0021861792), (-0.08453727, 0.0026076026, 0.006054163), (-0.07889116, -0.004926935, 0.0055160522), (-0.08749682, -0.010968614, 0.009656668), (-0.085409105, 0.011279874, -0.011371136), (-0.083572745, 0.0068757534, 0.00019419193), (-0.082834184, 0.009970505, -0.001707077), (-0.08521575, -0.002091933, 0.0039061308), (-0.08736664, -0.0058174543, 0.004986286), (-0.086639404, -0.017072026, 0.0037831068), (-0.085906506, -0.02014363, 0.00080800056), (-0.090005636, -0.02053095, -0.010428071), (-0.09059805, 0.0029706433, -0.013419867), (-0.08595687, 0.0069130063, -0.011154413), (-0.088893, -0.0023609027, -0.010258317), (-0.084566295, 0.0075127482, -0.0050700903), (-0.085317016, 0.009233702, -0.0059479475), (-0.088177085, -0.0051250644, -0.003369689), (-0.087824166, -0.003326565, -0.0045228004), (-0.088770986, -0.018056203, -0.003341794), (-0.090665996, -0.018396605, -0.004568696), (-0.12279928, 0.01645502, -0.011615753), (-0.12424284, 0.019419495, -0.008529663), (-0.10120642, 0.016030494, -0.0128417015), (-0.130647, 0.01738773, -0.0030136108), (-0.12983066, 0.017969873, -0.0031428337), (-0.1264413, 0.019850288, -0.0055799484), (-0.12543672, 0.017693538, -0.002655387), (-0.13085765, 0.017718602, -0.006202936), (-0.13127536, 0.015185129, -0.0026425123), (-0.0994243, 0.020653855, -0.006008148), (-0.09699595, 0.019178297, -0.010374546), (-0.09859282, 0.015855413, 0.0001860857), (-0.09919882, 0.01984122, -0.0027115345), (-0.11446756, 0.017136145, -0.0013357401), (-0.123869, 0.014797147, -0.0020170212), (-0.1299398, 0.011684496, -0.0035352707), (-0.13096595, 0.01239251, -0.0031528473), (-0.12855905, 0.012178633, -0.00864172), (-0.12508416, 0.012270536, -0.0027959347), (-0.12323481, 0.010184627, -0.0074225664), (-0.08998543, 0.009203967, -0.0033316612), (-0.10001886, 0.009305306, -0.0063346624), (-0.09586251, 0.01155198, -0.011557221), (-0.10014647, 0.011127096, -0.0018279552), (-0.110405326, 0.009864766, -0.0077004433), (-0.11266905, 0.011938881, -0.0027455091), (-0.15139478, 0.006290838, 0.00090384483), (-0.15050858, 0.0071613267, 0.0005732775), (-0.14948535, 0.008470401, -0.0018643141), (-0.14476073, 0.0064659193, 0.00096285343), (-0.15151948, 0.0058839396, -0.0035386086), (-0.15185392, 0.003586445, 0.0012061596), (-0.14639628, 0.0041159056, -0.008885741), (-0.14491487, 0.007532999, -0.0073902607), (-0.12388629, 0.0037451833, -0.010249853), (-0.10561484, 0.007242009, -0.008498311), (-0.09606588, 0.008289576, -0.0011825562), (-0.10897559, 0.009240892, -0.00253582), (-0.09938669, 0.0031796396, 0.0046756268), (-0.10787469, 0.007421136, 0.0015947819), (-0.12822044, 0.0076422207, 0.0010043383), (-0.13185918, 0.0034254976, 0.0030149221), (-0.13523531, 0.0077214427, 0.0010248423), (-0.1435188, 0.0024550483, 0.0013703108), (0.08487958, -0.0025270768, -0.02431798), (0.09348816, -0.021177059, -0.005321622), (-0.14710021, 0.0003142208, -0.0058237314), (-0.15141237, 0.000700701, 0.00084507465), (-0.14651978, -0.0012509935, -0.0035619736), (-0.1503377, -0.00026015565, 0.00031757355), (-0.145307, 0.00010596216, 0.00048577785), (-0.12956232, -0.00018960983, -0.008153081), (-0.10274619, -0.0012257285, -0.009639502), (-0.0958941, -0.002117522, 0.0024778843), (-0.10941756, -0.0037791543, -0.002954483), (-0.108104646, -0.0019550622, 0.0018804073), (-0.12882304, -0.0029020645, -0.0044384003), (-0.13203675, -0.00089590624, 0.0011906624), (-0.13315088, -0.0026828125, -0.0035434961), (-0.14960945, -0.02209125, 0.0007805824), (-0.1513328, -0.023305913, 0.00027394295), (-0.15019584, -0.02484814, 0.0011290312), (-0.148278, -0.02111962, 0.00042831898), (-0.14757055, -0.020305268, -0.00045096874), (-0.14307165, -0.021432962, 0.0007466078), (-0.14909261, -0.021350171, -0.0038022995), (-0.15129769, -0.024980169, -0.0028239489), (-0.14812422, -0.025275875, -0.007554412), (-0.13317275, -0.026215015, -0.010158539), (-0.120804965, -0.02187113, -0.00894618), (-0.0945214, -0.019795302, 0.0017658472), (-0.10814798, -0.019083764, -0.0022300482), (-0.10542333, -0.021195682, -0.008413911), (-0.10632944, -0.02522673, 0.0050914288), (-0.09367335, -0.024979183, 0.0054347515), (-0.10687399, -0.020633226, 0.002251029), (-0.13247126, -0.020694882, 0.0006928444), (-0.14100778, -0.023850061, 0.0015484095), (-0.13134223, -0.025038963, 0.003203988), (-0.15014201, -0.02871657, 0.00048828125), (-0.1497966, -0.027740212, 0.0008678436), (-0.14852685, -0.028943518, 0.00048589706), (-0.14678824, -0.030258207, -0.00051152706), (-0.14246511, -0.02827447, 0.0011094809), (-0.14965063, -0.028623935, -0.0039795637), (-0.1372379, -0.029829044, -0.007483363), (-0.12647712, -0.032885592, -0.004208803), (-0.106971085, -0.032941304, -0.0023485422), (-0.106977284, -0.030477414, 0.0029782057), (-0.131648, -0.030038243, 0.0014190674), (0.08821839, -0.022103384, 0.0132802725), (-0.13326913, -0.032580063, -0.00385046), (0.08028847, 0.0130743645, 0.021787405), (0.08368087, -0.010001909, 0.023171902), (0.080329, 0.016205188, -0.021748662), (0.079345345, 0.026757639, -0.009175658), (0.07945603, 0.027596083, 0.00579381), (-0.15764749, -0.008583646, 0.0028307438), (-0.15730178, -0.011361625, 0.0032937527), (-0.15685618, -0.008432977, 0.002829671), (-0.15555185, -0.0070830323, 0.0021500587), (-0.15405196, -0.005606763, 0.0006875992), (-0.14936507, -0.007991195, 0.0031125546), (-0.15491849, -0.0074267276, -0.0048644543), (-0.15852606, -0.011581846, -0.0025594234), (-0.15836489, -0.013455074, 0.0016534328), (-0.15401179, -0.0112314485, -0.006683588), (-0.14410406, -0.0076064803, -0.005475402), (-0.113334715, -0.010442603, -0.008571267), (-0.1336711, -0.011171639, -0.008064866), (-0.13779587, -0.011478994, 0.0057792664), (-0.1148569, -0.011045735, 0.007356167), (-0.13883144, -0.0065507144, 0.002968073), (-0.09821069, -0.0039198585, -0.0013172626), (-0.11343682, -0.0045405813, 0.00020635128), (-0.11355162, -0.00580585, 0.0046275854), (-0.14770663, -0.011570465, 0.0038399696), (-0.15670305, -0.014155738, 0.0026700497), (-0.1558072, -0.015241537, 0.0024296045), (-0.15477514, -0.016716111, 0.00081300735), (-0.1485998, -0.01400464, 0.003380537), (-0.15516543, -0.015310455, -0.0048624277), (-0.13236445, -0.015352175, -0.006347418), (-0.13819593, -0.0161946, 0.0035017729), (-0.09778291, -0.016363408, 0.0051857233), (-0.088770986, -0.018056203, -0.003341794), (-0.0990603, -0.018354636, -0.0019468069), (-0.11279076, -0.0183748, -0.00020456314), (-0.113137126, -0.016141888, 0.0053681135), (-0.13357574, -0.018056631, -0.0019811392), (-0.13894236, -0.018013094, -0.0012710094), (-0.15685916, -0.0075505413, 0.0027256012), (-0.157193, -0.014129896, 0.0027811527), (-0.0917241, -0.072277784, -0.008214235), (-0.09135485, -0.07159854, -0.0125210285), (-0.1548149, -0.015056856, 0.0025691986), (-0.15760374, -0.01149087, 0.0035722256), (-0.15114474, 0.00025267527, 0.0011894703), (-0.15142214, 0.0010290556, 0.0008735657), (-0.1503486, -0.024613189, 0.0013802052), (-0.14935529, -0.021533763, 0.00078964233), (-0.14935791, -0.02207546, 0.00075638294), (-0.14935529, -0.021533763, 0.00078964233), (-0.1503486, -0.024613189, 0.0013802052), (-0.09115952, -0.07094017, -0.0042272806), (-0.09087473, -0.07054772, -0.0044032335), (-0.091070235, -0.070544064, -0.0043451786)]
        color3f[] primvars:displayColor = [(0.38, 0.17, 0.1)] (
            interpolation = "constant"
        )
        texCoord2f[] primvars:st0 = [(0.0168379, 0.024147939), (0.031801797, 0.011184878), (0.004044396, 0.03927292), (0.055008918, 0.010087177), (0.053184208, 0.015522301), (0.051276702, 0.01920949), (0.0577904, 0.012805745), (0.046926774, 0.023986854), (0.04944911, 0.02150248), (0.016998984, 0.05426225), (0.05464076, 0.01809311), (0.058531493, 0.015758604), (0.06350137, 0.012697071), (0.0665702, 0.010198936), (0.058416724, 0.019005433), (0.054783553, 0.022831738), (0.06258475, 0.015794322), (0.057278194, 0.021179259), (0.052477915, 0.026390374), (0.056242656, 0.025420025), (0.058625355, 0.023359), (0.06294299, 0.019061372), (0.06590432, 0.017562866), (0.06855052, 0.015614405), (0.058009267, 0.026599735), (0.06426315, 0.021263555), (0.062903136, 0.0235454), (0.055328418, 0.032094404), (0.06727083, 0.020589247), (0.057667356, 0.030277103), (0.07043646, 0.01899691), (0.06267186, 0.027119547), (0.06551798, 0.025203764), (0.07192606, 0.019393057), (0.063634, 0.030288428), (0.069256105, 0.025536537), (0.072566785, 0.023220196), (0.06461029, 0.032618403), (0.073337466, 0.024148889), (0.05988136, 0.038967703), (0.032123968, 0.06706422), (0.08830042, 0.0111866435), (0.06054476, 0.03927293), (0.047087863, 0.054092683), (0.103424445, 0.023987819), (0.07349853, 0.054261323), (0.12983976, 0.024152556), (0.11637823, 0.038967736), (0.08862257, 0.0670625), (0.14479911, 0.011193442), (0.117050156, 0.03927294), (0.10358553, 0.05409177), (0.15991949, 0.023991521), (0.1300008, 0.054257713), (0.18633848, 0.024152556), (0.17287013, 0.038967818), (0.14512119, 0.06705579), (0.20129783, 0.011193442), (0.17354888, 0.03927294), (0.16008052, 0.0540882), (0.2164182, 0.023991521), (0.18649952, 0.054257713), (0.23545706, 0.016773432), (0.23048872, 0.027567953), (0.25099686, 0.011211827), (0.22936885, 0.038967818), (0.20161991, 0.06705579), (0.21657924, 0.0540882), (0.22997993, 0.05291912), (0.26835036, 0.023872137), (0.2726728, 0.024533093), (0.2503835, 0.06703745), (0.27033564, 0.058334276), (0.35149878, 0.02454397), (0.35608095, 0.023735188), (0.3558983, 0.024073947), (0.37255841, 0.01663123), (0.37266478, 0.017096965), (0.38891128, 0.008552596), (0.35387552, 0.058337793), (0.38986284, 0.023609504), (0.39412454, 0.02482666), (0.40250462, 0.020119369), (0.394449, 0.030737132), (0.41987997, 0.0102544725), (0.43997633, 0.0000256598), (0.37383175, 0.067044094), (0.44719544, 0.00012275577), (0.3910501, 0.057622597), (0.43716404, 0.012986496), (0.451492, 0.0022759885), (0.39873102, 0.059240922), (0.43977433, 0.023728311), (0.4477751, 0.019328088), (0.4459264, 0.02119565), (0.47151312, 0.0011892766), (0.4452832, 0.030190542), (0.4714894, 0.012129143), (0.49212876, 0.000091046095), (0.42803258, 0.067083046), (0.4451236, 0.052783057), (0.48812857, 0.019923016), (0.49495435, 0.016640142), (0.44891322, 0.06563832), (0.52748454, 0.0031853914), (0.49783993, 0.0343204), (0.52679205, 0.008102089), (0.52939594, 0.0062452853), (0.5316606, 0.0045533776), (0.46377993, 0.07529196), (0.5313854, 0.012233257), (0.5295255, 0.016553372), (0.47217688, 0.07524051), (0.53589904, 0.01211071), (0.5384964, 0.010239273), (0.53150856, 0.026630193), (0.4731424, 0.08560896), (0.5352857, 0.02471301), (0.49067226, 0.07093279), (0.53892076, 0.022697479), (0.54268706, 0.02037406), (0.49282056, 0.0706422), (0.54597306, 0.017636865), (0.5328486, 0.03652382), (0.55736417, 0.013254017), (0.5356624, 0.036584586), (0.5409906, 0.03285694), (0.55475914, 0.01927042), (0.5506046, 0.025778681), (0.5577169, 0.018930972), (0.46392608, 0.11366972), (0.5610059, 0.017545879), (0.4717999, 0.10793486), (0.5521166, 0.028174654), (0.5284749, 0.052164137), (0.5526013, 0.028131379), (0.5284922, 0.052967936), (0.5499, 0.031619966), (0.5617683, 0.020350218), (0.56031024, 0.02200523), (0.53210473, 0.052702606), (0.5308515, 0.05403036), (0.56296027, 0.022755325), (0.5545783, 0.031369537), (0.56436056, 0.021889925), (0.49274117, 0.0941045), (0.5355964, 0.0520218), (0.53088963, 0.057026744), (0.5252792, 0.06433662), (0.5336267, 0.056573242), (0.5365158, 0.054195434), (0.5642659, 0.027553767), (0.5386831, 0.05526502), (0.5163687, 0.07784228), (0.53019655, 0.069203064), (0.5471283, 0.05258891), (0.5413707, 0.061632097), (0.5227697, 0.08044506), (0.55367446, 0.050049394), (0.511589, 0.09408879), (0.55453724, 0.052017897), (0.5132911, 0.093738765), (0.5576536, 0.04970914), (0.53493583, 0.07388299), (0.5935316, 0.016808428), (0.54394805, 0.06776178), (0.5289333, 0.082954586), (0.5627881, 0.050430626), (0.5545796, 0.058927573), (0.52020085, 0.09369638), (0.5844543, 0.030199792), (0.60703313, 0.007883668), (0.5673725, 0.04914704), (0.53964967, 0.07852901), (0.5983881, 0.021724254), (0.55461353, 0.06556594), (0.54651695, 0.07384908), (0.5268561, 0.09365399), (0.5350545, 0.08546411), (0.47102356, 0.14982912), (0.5908279, 0.03287807), (0.6096352, 0.014282711), (0.5704253, 0.055086978), (0.54336303, 0.082200035), (0.51653826, 0.10959287), (0.5546559, 0.07217041), (0.53345215, 0.09362008), (0.54853475, 0.0786477), (0.58120817, 0.046049077), (0.5398701, 0.087414086), (0.62291634, 0.0048155263), (0.56782246, 0.061487965), (0.6030666, 0.026445132), (0.5229138, 0.106913775), (0.54611, 0.08491303), (0.5546898, 0.07735054), (0.5500269, 0.0821746), (0.5386323, 0.09359464), (0.5434224, 0.08887232), (0.5653129, 0.06764309), (0.529052, 0.104336426), (0.58811575, 0.046091452), (0.62287396, 0.01171463), (0.54833126, 0.08710887), (0.5547068, 0.08114874), (0.542439, 0.093569204), (0.5512477, 0.0849639), (0.54622865, 0.09005079), (0.5176771, 0.11864662), (0.5628204, 0.073764294), (0.53513926, 0.101759076), (0.54984033, 0.0886095), (0.55472374, 0.084133044), (0.54543173, 0.09355225), (0.5608534, 0.07858835), (0.55212945, 0.08733778), (0.5486195, 0.090898596), (0.53992945, 0.09974976), (0.594769, 0.046133827), (0.62284005, 0.018350974), (0.5547407, 0.08674431), (0.5593952, 0.08212373), (0.5480515, 0.09353529), (0.5434733, 0.098257616), (0.5519175, 0.09055099), (0.5582083, 0.08492152), (0.54626256, 0.09704524), (0.557352, 0.08731234), (0.54864496, 0.09617199), (0.55475765, 0.09035599), (0.55175644, 0.09351833), (0.5842848, 0.06194073), (0.6387571, 0.00806167), (0.5839309, 0.06401445), (0.57907295, 0.06893176), (0.57439303, 0.07366256), (0.5697385, 0.07836792), (0.5575979, 0.090517074), (0.5660675, 0.08208134), (0.563346, 0.08481978), (0.5611502, 0.08703257), (0.55965805, 0.08855863), (0.55477464, 0.09350138), (0.54989123, 0.098444134), (0.5483991, 0.09997019), (0.54620326, 0.10219146), (0.54348177, 0.1049299), (0.5519514, 0.09648569), (0.5398107, 0.10864332), (0.53515625, 0.11334868), (0.53047633, 0.118071), (0.5256183, 0.122988306), (0.5906838, 0.059338734), (0.63607883, 0.014426805), (0.55779284, 0.093484424), (0.55479157, 0.09664677), (0.5608958, 0.09083077), (0.5521973, 0.099690415), (0.5632782, 0.08995752), (0.55133253, 0.102072775), (0.55763173, 0.09645177), (0.566076, 0.08874515), (0.5614893, 0.09346747), (0.55015403, 0.10487903), (0.55480856, 0.100258455), (0.5696114, 0.087253), (0.56092125, 0.09610417), (0.5574113, 0.09965651), (0.5486958, 0.10842288), (0.564109, 0.09345052), (0.5548255, 0.10286971), (0.522427, 0.13537228), (0.5597089, 0.09839326), (0.57440996, 0.08524369), (0.54672885, 0.11323847), (0.5009327, 0.15906587), (0.5633121, 0.0969435), (0.5583015, 0.10203886), (0.5671103, 0.09343355), (0.5548425, 0.10585401), (0.561218, 0.09989388), (0.58049726, 0.08266634), (0.5442363, 0.11935967), (0.56611836, 0.098130435), (0.570917, 0.09340812), (0.5595139, 0.10482816), (0.5548594, 0.10966069), (0.5634308, 0.102089725), (0.5866354, 0.08008898), (0.54172677, 0.1255148), (0.5931926, 0.07544228), (0.5981189, 0.070577316), (0.60284626, 0.06589881), (0.6425033, 0.026673969), (0.64724964, 0.021995462), (0.56967914, 0.09958868), (0.6521655, 0.017130502), (0.56101453, 0.10835506), (0.57609713, 0.09338269), (0.5548933, 0.11483235), (0.6653025, 0.0046399236), (0.593011, 0.07740989), (0.5661862, 0.10480273), (0.539124, 0.13191578), (0.5744948, 0.10153864), (0.5826931, 0.09334877), (0.5630323, 0.11315368), (0.5549357, 0.12144528), (0.5698996, 0.10847375), (0.58934844, 0.093306385), (0.5549696, 0.12808368), (0.580616, 0.10404818), (0.56560117, 0.11924098), (0.68103904, 0.005122721), (0.6653025, 0.020952791), (0.60927916, 0.07814598), (0.574605, 0.113119766), (0.65467423, 0.03323405), (0.5962581, 0.093264), (0.555012, 0.13498487), (0.6065924, 0.084511116), (0.66107327, 0.030632049), (0.58677953, 0.1065577), (0.56817853, 0.12537065), (0.622518, 0.074213326), (0.650589, 0.04643895), (0.57935274, 0.11779969), (0.6653025, 0.033508718), (0.59318054, 0.10916048), (0.57085764, 0.13173774), (0.6224841, 0.08084968), (0.6572423, 0.046481326), (0.6652833, 0.041533917), (0.58427, 0.12266614), (0.6817171, 0.025973558), (0.6422914, 0.06611918), (0.69523406, 0.014616281), (0.6224417, 0.08775725), (0.6641499, 0.0465237), (0.6761941, 0.036955595), (0.6357229, 0.07829007), (0.65453017, 0.059694707), (0.7131193, 0.0011393577), (0.70910877, 0.0077599883), (0.6469699, 0.07084853), (0.71384865, 0.003989622), (0.7121598, 0.0071819723), (0.6653025, 0.05619493), (0.63832486, 0.0846891), (0.66090375, 0.062372983), (0.71063364, 0.013733804), (0.7218077, 0.0025960654), (0.7202016, 0.00684312), (0.6245144, 0.10306332), (0.65182644, 0.07576435), (0.7183309, 0.0098205805), (0.71546435, 0.013418913), (0.65286124, 0.0761987), (0.7086596, 0.02061823), (0.6288927, 0.10075741), (0.6566915, 0.073111385), (0.6286633, 0.10129507), (0.67794657, 0.052268744), (0.62784636, 0.10256716), (0.6269916, 0.10360861), (0.68181455, 0.048862934), (0.63177854, 0.0989424), (0.6653025, 0.0656476), (0.65499854, 0.07662184), (0.6271493, 0.104529634), (0.65626615, 0.07561933), (0.65610874, 0.076061815), (0.6558228, 0.07645141), (0.6580367, 0.07424925), (0.626971, 0.10569757), (0.632108, 0.10060689), (0.6575651, 0.075416304), (0.69167155, 0.04163578), (0.70200396, 0.03131637), (0.6588944, 0.074915126), (0.7285795, 0.005497068), (0.659517, 0.07510453), (0.6323302, 0.10264881), (0.65234905, 0.08286798), (0.6622086, 0.073021896), (0.7250356, 0.010462135), (0.6606879, 0.07503071), (0.65683526, 0.07972008), (0.6302703, 0.106572196), (0.632419, 0.10466361), (0.62706256, 0.110274106), (0.67298204, 0.06455165), (0.721936, 0.016162872), (0.65946853, 0.08036852), (0.6608953, 0.07914139), (0.71002406, 0.030307919), (0.65565467, 0.08514911), (0.6653025, 0.07584876), (0.638102, 0.103222564), (0.7324949, 0.00941813), (0.7260317, 0.015891314), (0.6333107, 0.10911943), (0.65809155, 0.08468039), (0.73206675, 0.010962158), (0.6414494, 0.10165353), (0.63742155, 0.1057913), (0.63615453, 0.108062804), (0.63298297, 0.11135191), (0.6406735, 0.10425839), (0.7350006, 0.009979367), (0.6563494, 0.08868115), (0.654107, 0.09108035), (0.6610437, 0.08449629), (0.6703539, 0.07571715), (0.7353593, 0.010830641), (0.71491724, 0.03133647), (0.66338444, 0.083051555), (0.735809, 0.010659903), (0.7366145, 0.009960324), (0.73625875, 0.010830641), (0.7188083, 0.02832809), (0.6925974, 0.05457002), (0.7309846, 0.016352579), (0.6656444, 0.08176904), (0.6322227, 0.11545309), (0.6365724, 0.111441165), (0.6863237, 0.061897993), (0.73405373, 0.014350772), (0.74303854, 0.005497068), (0.73912317, 0.00941813), (0.63508886, 0.113941975), (0.72196627, 0.027534112), (0.7014531, 0.048069477), (0.7395513, 0.010962158), (0.735809, 0.014909163), (0.7127092, 0.038147524), (0.6819451, 0.06891328), (0.66708374, 0.084295765), (0.7375643, 0.014350772), (0.74981034, 0.0025960654), (0.7208071, 0.03267996), (0.670095, 0.08364722), (0.72614735, 0.029291347), (0.72263813, 0.033050016), (0.71449244, 0.041468173), (0.6778868, 0.07820919), (0.72229475, 0.034440383), (0.7137729, 0.043104768), (0.7406334, 0.016352579), (0.74658245, 0.010462135), (0.7201639, 0.03733678), (0.723521, 0.034712), (0.75141644, 0.00684312), (0.735809, 0.022958606), (0.62611365, 0.1329838), (0.62960994, 0.12997958), (0.7584987, 0.0011393577), (0.72654665, 0.033801943), (0.6272613, 0.13405457), (0.62695444, 0.13441393), (0.74558634, 0.015891314), (0.7577694, 0.003989622), (0.6299109, 0.13220297), (0.65117097, 0.111030385), (0.62566566, 0.13683766), (0.6269226, 0.13561541), (0.7312749, 0.03138177), (0.75328714, 0.0098205805), (0.6619643, 0.10121834), (0.696599, 0.06699103), (0.62701637, 0.13681418), (0.6914962, 0.07240531), (0.726766, 0.03715372), (0.63020647, 0.1338349), (0.65068144, 0.11351236), (0.6643084, 0.10005641), (0.66651356, 0.09812607), (0.62756574, 0.13751325), (0.7026629, 0.0624443), (0.6459617, 0.11952757), (0.6342765, 0.1313168), (0.64793205, 0.11771533), (0.74968207, 0.016162872), (0.6942569, 0.0716789), (0.6378024, 0.12848435), (0.62797695, 0.13839623), (0.735809, 0.030596897), (0.75945824, 0.0071819723), (0.68919367, 0.07754603), (0.65667963, 0.110104024), (0.6847, 0.08209738), (0.6312871, 0.13554099), (0.76553655, 0.0014498979), (0.7283791, 0.038858593), (0.63007945, 0.13748088), (0.6948832, 0.07269779), (0.6696168, 0.09827106), (0.7315093, 0.03647983), (0.6372485, 0.13080648), (0.63497806, 0.13326916), (0.660695, 0.1077429), (0.69529444, 0.07354413), (0.6965676, 0.07262132), (0.6978352, 0.071353875), (0.69582576, 0.073491), (0.7096806, 0.059711307), (0.6289231, 0.1405446), (0.6721295, 0.09734793), (0.7561537, 0.013418913), (0.63373464, 0.13613436), (0.6464717, 0.123640716), (0.6944963, 0.07576749), (0.7625093, 0.0077599883), (0.6907358, 0.0800862), (0.69731176, 0.07379919), (0.74034315, 0.03138177), (0.6855002, 0.086418994), (0.7371415, 0.035666496), (0.6990707, 0.07373987), (0.69877255, 0.074202284), (0.6892723, 0.08386556), (0.6546098, 0.118552685), (0.6990455, 0.07441661), (0.67608273, 0.097402856), (0.63430655, 0.13919868), (0.69573826, 0.077843346), (0.70087993, 0.073036715), (0.7727556, 0.0013528019), (0.692922, 0.08122389), (0.73409206, 0.04020138), (0.69990385, 0.074642666), (0.7609844, 0.013733804), (0.7454707, 0.029291347), (0.6620596, 0.112963095), (0.66245687, 0.112642296), (0.66541564, 0.10972865), (0.6986387, 0.07723552), (0.65865844, 0.11742038), (0.6480969, 0.12803459), (0.73753273, 0.0386253), (0.6377163, 0.13854343), (0.6536737, 0.12300908), (0.64591956, 0.13090986), (0.7496518, 0.027534112), (0.6354749, 0.14185831), (0.7200288, 0.057396203), (0.69529796, 0.08254045), (0.64571416, 0.13291702), (0.74506617, 0.03377761), (0.68291473, 0.09661409), (0.65207183, 0.12773341), (0.6520806, 0.12812337), (0.6978238, 0.082993604), (0.6763845, 0.10454835), (0.75280976, 0.02832809), (0.66448164, 0.11669574), (0.665298, 0.1162461), (0.6464497, 0.13511702), (0.6744166, 0.1072133), (0.6867925, 0.095258), (0.7490486, 0.033005774), (0.74449444, 0.037567362), (0.7479777, 0.034617648), (0.64534676, 0.13727824), (0.7003069, 0.08301006), (0.65234953, 0.1314291), (0.7494436, 0.03447576), (0.6447738, 0.13923037), (0.70325345, 0.080806315), (0.6806064, 0.10400584), (0.6811715, 0.10391264), (0.6558262, 0.12939282), (0.68896914, 0.096521825), (0.6555437, 0.13002558), (0.73339033, 0.052179992), (0.700008, 0.08615662), (0.6705011, 0.11649792), (0.75681555, 0.03059645), (0.6667014, 0.12083681), (0.6600907, 0.12811258), (0.64606327, 0.14228806), (0.6643195, 0.12409437), (0.6915469, 0.09730324), (0.75461864, 0.034521952), (0.6816755, 0.10797053), (0.68307304, 0.10661198), (0.6819058, 0.10805158), (0.75215864, 0.037856102), (0.6581434, 0.13199157), (0.6562624, 0.13444543), (0.6751033, 0.115933344), (0.69426703, 0.09741537), (0.6868781, 0.10494812), (0.761594, 0.030307919), (0.6803959, 0.11312349), (0.6964192, 0.09784873), (0.6899006, 0.10574862), (0.701481, 0.09433649), (0.6721705, 0.12375192), (0.68465996, 0.11165048), (0.65281737, 0.14365244), (0.66382444, 0.1329456), (0.65561664, 0.14119092), (0.75884223, 0.038215533), (0.77391386, 0.023272365), (0.6590552, 0.13874741), (0.77414334, 0.024383098), (0.75722736, 0.041566312), (0.7674488, 0.031517684), (0.68445003, 0.11715551), (0.68944764, 0.112945385), (0.7928512, 0.011584789), (0.6569931, 0.14865622), (0.69965196, 0.10746926), (0.694046, 0.11336712), (0.6631147, 0.14593978), (0.67427826, 0.13481838), (0.66718984, 0.14197153), (0.68330765, 0.12851578), (0.69962835, 0.11405353), (0.69467914, 0.12321236), (0.7676059, 0.054108113), (0.7270522, 0.094691284), (0.66261333, 0.15955445), (0.7216281, 0.101964906), (0.6702948, 0.15562887), (0.72646195, 0.10005918), (0.7296994, 0.0969428), (0.67652434, 0.15013121), (0.72986466, 0.09727208), (0.7307015, 0.096446276), (0.7306633, 0.09659076), (0.7330147, 0.09615813), (0.72907954, 0.1005338), (0.72413915, 0.10671149), (0.7366286, 0.0943663), (0.7130547, 0.1181559), (0.81022954, 0.021410063), (0.73500156, 0.09682274), (0.705967, 0.12675875), (0.72794324, 0.10511238), (0.7356329, 0.09766552), (0.710173, 0.124095276), (0.7155027, 0.11968562), (0.7379031, 0.09763065), (0.73947525, 0.09666678), (0.71267855, 0.12362096), (0.7365751, 0.10040904), (0.6675337, 0.1694741), (0.73433673, 0.103149064), (0.7434816, 0.094216265), (0.70342356, 0.1349361), (0.74329734, 0.096572116), (0.7386861, 0.1014331), (0.7308948, 0.10928389), (0.7257272, 0.11560639), (0.7355143, 0.10585344), (0.7461928, 0.09659174), (0.7420687, 0.10186054), (0.7425871, 0.101475775), (0.71829927, 0.12601683), (0.683083, 0.16182993), (0.74922913, 0.096560836), (0.7385401, 0.10743843), (0.7162839, 0.13073632), (0.67173886, 0.17698532), (0.7138852, 0.13562381), (0.818283, 0.032064274), (0.7341157, 0.116308555), (0.6989039, 0.15245199), (0.7225688, 0.12888376), (0.72865355, 0.12396578), (0.7463739, 0.106298015), (0.7846979, 0.06840843), (0.6800428, 0.173312), (0.7422596, 0.1111141), (0.7095045, 0.14440203), (0.7505198, 0.104932085), (0.67247474, 0.18348461), (0.72068906, 0.13555464), (0.6875874, 0.17182757), (0.73312265, 0.12691818), (0.82212937, 0.03850746), (0.7183964, 0.14338765), (0.6821314, 0.18043755), (0.72604716, 0.13749844), (0.6683128, 0.19573295), (0.7426019, 0.121529415), (0.7378669, 0.12892137), (0.81990623, 0.047611833), (0.68966806, 0.17865059), (0.8396257, 0.02937147), (0.7327956, 0.13631025), (0.74678564, 0.12344833), (0.74320906, 0.12778097), (0.7508293, 0.12067148), (0.6874768, 0.18528742), (0.71658015, 0.15637054), (0.7246432, 0.14897655), (0.7476742, 0.1267568), (0.8140044, 0.060567915), (0.7525474, 0.12258254), (0.7078941, 0.16734183), (0.8148949, 0.060933232), (0.67699236, 0.19905001), (0.8530512, 0.02336952), (0.75392187, 0.123377666), (0.7505966, 0.1270804), (0.69394636, 0.18602498), (0.72236764, 0.15844736), (0.79661524, 0.08444173), (0.7908547, 0.09024629), (0.86724627, 0.013875961), (0.78120613, 0.10092926), (0.7684501, 0.11372528), (0.799124, 0.084830225), (0.7081246, 0.17597878), (0.7970294, 0.08722304), (0.79142475, 0.09385089), (0.65773475, 0.2275562), (0.7197484, 0.16584823), (0.75207233, 0.1341989), (0.7545933, 0.13173836), (0.84628135, 0.04006961), (0.83451235, 0.051858008), (0.78173774, 0.10488923), (0.7999239, 0.08719927), (0.77007526, 0.11796664), (0.6867732, 0.20173365), (0.7320315, 0.15732305), (0.7643901, 0.12498991), (0.7953668, 0.09403242), (0.78858006, 0.10175537), (0.7071211, 0.18450291), (0.7819048, 0.10999271), (0.7753794, 0.11785792), (0.8282565, 0.06614944), (0.71876925, 0.176071), (0.73967016, 0.15566295), (0.7744439, 0.12152107), (0.8829828, 0.013393164), (0.7293702, 0.16723686), (0.77869964, 0.11950849), (0.79926014, 0.09896934), (0.8088411, 0.08945659), (0.7883295, 0.110022575), (0.6709374, 0.22786817), (0.7479788, 0.15145864), (0.86654603, 0.03468457), (0.8124297, 0.08902803), (0.8100183, 0.0917038), (0.8019603, 0.10052088), (0.71838075, 0.18430915), (0.7028403, 0.19994032), (0.79207444, 0.1110172), (0.8468322, 0.056822717), (0.7792354, 0.12461556), (0.8123184, 0.09245623), (0.7264509, 0.17846113), (0.7602161, 0.14581716), (0.808522, 0.09753924), (0.8030056, 0.10393303), (0.85661376, 0.05038902), (0.8386047, 0.06846455), (0.7737724, 0.13364704), (0.75772965, 0.14983985), (0.7908688, 0.117153384), (0.6507513, 0.25806758), (0.78454113, 0.124758944), (0.7406765, 0.16892228), (0.78275955, 0.1286958), (0.6843726, 0.22794715), (0.8829828, 0.029706031), (0.75080466, 0.16210315), (0.786333, 0.1272228), (0.7370453, 0.17770734), (0.7937366, 0.12130825), (0.8456224, 0.07119754), (0.7177102, 0.1998491), (0.8720304, 0.045676857), (0.8084518, 0.10973346), (0.7862094, 0.1325522), (0.7893924, 0.12950651), (0.85568786, 0.06332326), (0.8163699, 0.10320835), (0.7356281, 0.185326), (0.8074998, 0.114368245), (0.6663643, 0.25663233), (0.81703866, 0.10623268), (0.86650085, 0.057594568), (0.79970413, 0.12470211), (0.7908698, 0.1336441), (0.7253239, 0.19938457), (0.7601788, 0.16468032), (0.8211089, 0.103903785), (0.76982826, 0.15524481), (0.8829828, 0.042261958), (0.75330675, 0.17221165), (0.78888273, 0.13693103), (0.6480884, 0.2780859), (0.78268206, 0.14355294), (0.8126396, 0.11367208), (0.8178347, 0.10885456), (0.8769007, 0.050507694), (0.85168636, 0.07574427), (0.7916683, 0.136415), (0.7494842, 0.17958257), (0.70100236, 0.22834542), (0.797076, 0.13318124), (0.8703613, 0.061030388), (0.7912089, 0.1409806), (0.8619616, 0.07065123), (0.8829828, 0.050341636), (0.73466426, 0.19881362), (0.74777186, 0.18585525), (0.8061606, 0.12793267), (0.80153155, 0.13363144), (0.7862172, 0.14985946), (0.76078117, 0.17544264), (0.8964404, 0.039876357), (0.7933512, 0.14296591), (0.76750463, 0.16918813), (0.7762848, 0.16094261), (0.68128484, 0.25596717), (0.7569866, 0.1803728), (0.813751, 0.123815864), (0.8567891, 0.08115855), (0.80109465, 0.13718666), (0.8179059, 0.12136306), (0.8873603, 0.053271793), (0.909946, 0.030948877), (0.66404223, 0.27693808), (0.81580037, 0.12531087), (0.8114389, 0.13076103), (0.8200661, 0.1232151), (0.8663402, 0.07766652), (0.81783485, 0.1262886), (0.74713707, 0.19742104), (0.7551763, 0.19008133), (0.71600133, 0.2299656), (0.90129834, 0.044793665), (0.8829828, 0.06494817), (0.87530327, 0.07330489), (0.8937358, 0.055950884), (0.9125488, 0.037349865), (0.6468856, 0.30304515), (0.88411313, 0.06912589), (0.925834, 0.027879797), (0.8635853, 0.09085062), (0.6969518, 0.25795326), (0.90597826, 0.04951598), (0.67877924, 0.27727115), (0.64701504, 0.30996284), (0.8703985, 0.08696243), (0.8829828, 0.07440084), (0.7255613, 0.23204094), (0.85395384, 0.106140256), (0.89102286, 0.069168285), (0.9257916, 0.034780994), (0.8779314, 0.08447039), (0.6619002, 0.30144703), (0.89767814, 0.06921068), (0.9257577, 0.04141938), (0.8829828, 0.084602), (0.86455, 0.105813935), (0.7359411, 0.23442683), (0.8648837, 0.10580881), (0.6609888, 0.31030422), (0.8871907, 0.08502239), (0.71089506, 0.2618048), (0.94167966, 0.031126924), (0.6933685, 0.27958), (0.8935917, 0.082419604), (0.93900055, 0.037494004), (0.74999475, 0.22789565), (0.675637, 0.3030777), (0.65680087, 0.32507458), (0.86534077, 0.11838058), (0.76116234, 0.22281638), (0.6569122, 0.32850277), (0.6603894, 0.32550305), (0.6592127, 0.32775104), (0.6481215, 0.3399503), (0.7056265, 0.28288016), (0.72229755, 0.26664665), (0.67010653, 0.32087678), (0.6528607, 0.33925492), (0.66930664, 0.32324576), (0.6728933, 0.32048747), (0.6607084, 0.3335858), (0.652192, 0.34227926), (0.89610124, 0.09852804), (0.90102905, 0.0936616), (0.90575784, 0.08898167), (0.945427, 0.049744897), (0.68984175, 0.30538762), (0.95017475, 0.04506497), (0.9550921, 0.04019852), (0.6722008, 0.3232691), (0.6513959, 0.3449011), (0.865762, 0.13058773), (0.8918148, 0.10791251), (0.8547972, 0.14902985), (0.6672679, 0.33656538), (0.6738634, 0.3300784), (0.6699704, 0.33501595), (0.7198881, 0.28579727), (0.6662251, 0.33997953), (0.6565909, 0.34971872), (0.6607784, 0.34578004), (0.7020908, 0.30475605), (0.100170046, 0.90698665), (0.6778081, 0.32989997), (0.64914954, 0.35935515), (0.6513246, 0.35740957), (0.6805025, 0.32867768), (0.6617262, 0.35041106), (0.9121927, 0.101232566), (0.7371493, 0.27627885), (0.95760155, 0.056306966), (0.8921438, 0.122440815), (0.65343034, 0.36135712), (0.6554795, 0.35986236), (0.7101995, 0.306207), (0.9095051, 0.107599646), (0.7551874, 0.26217023), (0.96400255, 0.05370418), (0.6806505, 0.33780193), (0.65491474, 0.36484653), (0.09734437, 0.92353994), (0.76762635, 0.253908), (0.92543554, 0.09729872), (0.9535151, 0.06951589), (0.67715573, 0.34706336), (0.73256004, 0.2918276), (0.6880244, 0.33697584), (0.91678476, 0.109919876), (0.71862704, 0.3082362), (0.6809012, 0.3460688), (0.6630701, 0.36397925), (0.68749183, 0.34093463), (0.46608558, 0.5626711), (0.12078664, 0.90808016), (0.9254016, 0.10393709), (0.96017045, 0.06955828), (0.104169935, 0.9268176), (0.7373724, 0.2938127), (0.6783617, 0.3532), (0.448237, 0.58413786), (0.6754942, 0.35735482), (0.45229408, 0.58058745), (0.46111414, 0.5719964), (0.4763509, 0.5568295), (0.6873258, 0.34603953), (0.74265087, 0.2909903), (0.67126393, 0.3624383), (0.4375485, 0.59615374), (0.458601, 0.5757241), (0.94521505, 0.089202106), (0.4429646, 0.592112), (0.094459355, 0.9412168), (0.6648718, 0.371206), (0.92535925, 0.110846765), (0.9670801, 0.06960067), (0.45723093, 0.5795603), (0.45047212, 0.58675534), (0.6677009, 0.3696789), (0.43860337, 0.59949917), (0.7582389, 0.28053647), (0.453758, 0.58561224), (0.120809406, 0.91902477), (0.93864447, 0.1013767), (0.9574574, 0.08277568), (0.4430566, 0.59812653), (0.6721547, 0.36922768), (0.45734254, 0.5841548), (0.7291434, 0.3124657), (0.4920972, 0.55147284), (0.94989496, 0.0939329), (0.4356516, 0.6088005), (0.77071506, 0.2737826), (0.6798402, 0.36555538), (0.6846894, 0.3608055), (0.4681204, 0.57783955), (0.47900653, 0.5670231), (0.69053096, 0.35555506), (0.68289757, 0.36326936), (0.6938512, 0.3539045), (0.46553016, 0.58242744), (0.6783608, 0.36969066), (0.9174089, 0.13084957), (0.4389137, 0.609633), (0.9412473, 0.107777685), (0.48225102, 0.56689376), (0.963833, 0.08545477), (0.46538672, 0.5839679), (0.14081109, 0.90919375), (0.49412054, 0.5558976), (0.6775618, 0.37246156), (0.70078045, 0.34977162), (0.68999517, 0.36066237), (0.47254384, 0.5782193), (0.45716324, 0.5937129), (0.4890729, 0.561915), (0.686471, 0.36474237), (0.6830212, 0.36859876), (0.4373682, 0.6142813), (0.4546476, 0.5974622), (0.69478667, 0.35756764), (0.48111573, 0.57147855), (0.72000146, 0.3326074), (0.8629092, 0.18977338), (0.69915545, 0.35401306), (0.68034786, 0.37297758), (0.7456449, 0.30776337), (0.9547529, 0.09885021), (0.6758795, 0.37901247), (0.67802185, 0.37702718), (0.9782508, 0.07702201), (0.49943954, 0.55614907), (0.7230377, 0.3326383), (0.7257488, 0.33026287), (0.50873214, 0.54786086), (0.5052804, 0.5515625), (0.47122228, 0.5868829), (0.7259332, 0.33261868), (0.5002544, 0.55844826), (0.97627485, 0.082440935), (0.49674755, 0.56211805), (0.9728993, 0.08621959), (0.503245, 0.5564126), (0.7187108, 0.3409784), (0.97438896, 0.08582344), (0.4759346, 0.5844127), (0.46300822, 0.5977646), (0.981324, 0.0795236), (0.4698482, 0.5911821), (0.51416075, 0.5472214), (0.97225755, 0.089979105), (0.7297553, 0.33271334), (0.7608057, 0.30204597), (0.7326022, 0.33041272), (0.49465466, 0.568461), (0.97892106, 0.084389396), (0.48339856, 0.58046305), (0.9277408, 0.13618976), (0.72664344, 0.33752233), (0.51050574, 0.5537447), (0.9822407, 0.08262085), (0.97756195, 0.08740436), (0.7313273, 0.3336772), (0.727162, 0.3379072), (0.6954582, 0.3696936), (0.7228567, 0.34234515), (0.7048396, 0.36103708), (0.6865484, 0.3795995), (0.987035, 0.079632275), (0.98984516, 0.0769475), (0.73422915, 0.33286926), (0.5197969, 0.54731345), (0.7335974, 0.33371216), (0.9818824, 0.0858879), (0.9755992, 0.092387356), (0.73054445, 0.33747965), (0.73621583, 0.3322047), (0.9805622, 0.088090084), (0.5295352, 0.5392083), (0.9862939, 0.08258513), (0.6830133, 0.385906), (0.73265547, 0.33645535), (0.5039003, 0.5664143), (0.4566036, 0.6137183), (0.14449376, 0.92620254), (0.7385291, 0.33249292), (0.52715456, 0.5440074), (0.7385673, 0.3326373), (0.9793074, 0.092030294), (0.5344616, 0.53701496), (0.9864087, 0.08583196), (0.98192227, 0.09037193), (0.5122529, 0.5602299), (0.7395313, 0.33298907), (0.73936594, 0.33331865), (0.77354527, 0.29935306), (0.45142174, 0.62149155), (0.74217844, 0.33073783), (0.99164116, 0.08234883), (0.7348943, 0.33919552), (0.7269709, 0.34715948), (0.4686237, 0.605548), (0.7306905, 0.34348378), (0.14638942, 0.92792696), (0.71530867, 0.35942423), (0.71840155, 0.35671806), (0.99018586, 0.084942825), (0.45920375, 0.6160707), (0.71668315, 0.3586291), (0.9875472, 0.08800579), (0.7337163, 0.34190002), (0.5183486, 0.55762154), (0.98215353, 0.09394608), (0.5186396, 0.5575597), (0.98620003, 0.09018553), (0.74015105, 0.33658028), (0.47635952, 0.6006488), (0.7679285, 0.30919296), (0.5302632, 0.54721117), (0.9811914, 0.09711496), (0.54293853, 0.5354172), (0.7711054, 0.307541), (0.74276865, 0.33610573), (0.101623654, 0.9778255), (0.9935487, 0.08603602), (0.9802151, 0.09944493), (0.99004185, 0.08965827), (0.76931083, 0.31068283), (0.9868161, 0.093426265), (0.77018505, 0.31046343), (0.77379405, 0.30685547), (0.98858273, 0.092246555), (0.77064896, 0.3102212), (0.44914648, 0.63180804), (0.7726629, 0.30866852), (0.7186332, 0.36312664), (0.722445, 0.359494), (0.53431135, 0.5480498), (0.7146363, 0.3677866), (0.7412871, 0.3411579), (0.53408796, 0.548361), (0.7749733, 0.30772546), (0.7734047, 0.3095374), (0.7743481, 0.30874223), (0.5252243, 0.5580282), (0.7739363, 0.3095905), (0.9953816, 0.0881725), (0.7383356, 0.34532988), (0.77059174, 0.3132819), (0.54880637, 0.53535163), (0.7266287, 0.35757598), (0.98715806, 0.09710363), (0.72155637, 0.36280337), (0.9924166, 0.09313501), (0.74760216, 0.33801126), (0.53921515, 0.54649186), (0.49659, 0.5893305), (0.76611876, 0.31985137), (0.774734, 0.311814), (0.7734924, 0.31388977), (0.7171573, 0.3702473), (0.73511493, 0.35235688), (0.5389477, 0.5488274), (0.7450905, 0.34275526), (0.45451754, 0.6334435), (0.7689237, 0.31905702), (0.5389277, 0.54919505), (0.98955, 0.098882236), (0.72602105, 0.3638276), (0.6929457, 0.39698917), (0.771407, 0.31904125), (0.69940233, 0.39129138), (0.7090144, 0.3818637), (0.5157799, 0.5754816), (0.76922286, 0.32220343), (0.52171516, 0.570139), (0.77393246, 0.31858683), (0.44725823, 0.6460507), (0.77630854, 0.31726998), (0.7800374, 0.31359258), (0.7784951, 0.31613272), (0.7435043, 0.3516569), (0.54755646, 0.5482163), (0.73136383, 0.36496735), (0.5403264, 0.55665153), (0.71150136, 0.38588643), (0.7677493, 0.33038318), (0.47344136, 0.62531066), (0.73610795, 0.36296475), (0.77995825, 0.31991205), (0.45878163, 0.641178), (0.45174837, 0.648339), (0.532195, 0.5682909), (0.740577, 0.36001197), (0.490894, 0.6104233), (0.12012157, 0.9821381), (0.92986596, 0.1733621), (0.4427477, 0.6626786), (0.7837304, 0.32246554), (0.772811, 0.33389378), (0.70172596, 0.4052347), (0.50645256, 0.6007565), (0.92934066, 0.17887749), (0.48724526, 0.62108076), (0.7749636, 0.33346206), (0.7212517, 0.38750505), (0.736435, 0.3723572), (0.7537279, 0.35573223), (0.7090517, 0.40072688), (0.9803352, 0.12972505), (0.75617623, 0.35420194), (0.91131437, 0.19940688), (0.513221, 0.5976237), (0.7776836, 0.3333491), (0.5775274, 0.5337294), (0.9718746, 0.13970725), (0.74666154, 0.36493003), (0.43771598, 0.6739816), (0.9115422, 0.20060231), (0.92026335, 0.19226885), (0.45922595, 0.6533138), (0.9428422, 0.16995272), (0.780261, 0.33256784), (0.91334, 0.19962744), (0.75093085, 0.36206204), (0.7695786, 0.34351578), (0.44813907, 0.6651593), (0.7824379, 0.33130413), (0.91521513, 0.19861084), (0.914707, 0.1993132), (0.4985272, 0.61562574), (0.98346883, 0.13181755), (0.5651231, 0.55072725), (0.9868798, 0.1289759), (0.45173573, 0.6641664), (0.14338893, 0.9725319), (0.8070221, 0.3090685), (0.75655144, 0.3596675), (0.71842587, 0.39814973), (0.74318355, 0.37354517), (0.57417613, 0.5430246), (0.5305196, 0.58669907), (0.44268072, 0.67474395), (0.98412865, 0.13347358), (0.50357944, 0.61427003), (0.45577246, 0.6621341), (0.5247546, 0.59316814), (0.9341971, 0.1837933), (0.976182, 0.14252049), (0.7991353, 0.31969362), (0.7863158, 0.33266082), (0.75905704, 0.36014184), (0.98794734, 0.1312523), (0.46951213, 0.6498902), (0.9150387, 0.20453013), (0.8085432, 0.3110769), (0.76960206, 0.35010087), (0.7529467, 0.3667829), (0.70844936, 0.4114892), (0.7485415, 0.37160122), (0.96770394, 0.15267259), (0.55980206, 0.56065255), (0.91298866, 0.20764764), (0.8097135, 0.31115097), (0.77933, 0.34179518), (0.7295661, 0.39171425), (0.8103361, 0.3109616), (0.8035863, 0.31781524), (0.81119394, 0.3102959), (0.9779468, 0.14357737), (0.92663693, 0.19494712), (0.8125391, 0.30915794), (0.9454442, 0.17635177), (0.4739832, 0.64824784), (0.9840977, 0.13833572), (0.80214703, 0.3203418), (0.48453832, 0.6382884), (0.8116655, 0.31146285), (0.7823525, 0.3409947), (0.8083353, 0.31518826), (0.73676276, 0.38677716), (0.91419756, 0.20960118), (0.9796581, 0.1444304), (0.991454, 0.13271882), (0.71592385, 0.4082582), (0.9883975, 0.13591099), (0.7751851, 0.349413), (0.81296504, 0.31166697), (0.46982807, 0.65499216), (0.80584604, 0.3190977), (0.9170172, 0.20811814), (0.81312186, 0.31210837), (0.9587254, 0.16688459), (0.8134081, 0.3124977), (0.76326364, 0.36280516), (0.809762, 0.31641513), (0.9088459, 0.2173592), (0.79314834, 0.33344957), (0.5450528, 0.5816461), (0.5391822, 0.58755624), (0.81423235, 0.31266886), (0.75534534, 0.37167037), (0.49586222, 0.63143146), (0.9388757, 0.18851419), (0.5206322, 0.6067746), (0.44471282, 0.68284523), (0.9738938, 0.15389737), (0.78805923, 0.3399592), (0.8123957, 0.3157667), (0.8163694, 0.3122452), (0.712244, 0.41641936), (0.78862417, 0.3400524), (0.80818677, 0.3205429), (0.91161174, 0.21715108), (0.7797829, 0.3489923), (0.7861569, 0.342657), (0.975339, 0.15376607), (0.74458736, 0.38502312), (0.5384966, 0.59157354), (0.46109706, 0.6691136), (0.7508341, 0.3794342), (0.9769891, 0.1534407), (0.98673064, 0.14370042), (0.7971002, 0.33339694), (0.5351578, 0.59548557), (0.982003, 0.14894137), (0.78726375, 0.34386176), (0.57278955, 0.5585831), (0.7873248, 0.34409815), (0.811139, 0.3207273), (0.9158635, 0.2161445), (0.9239248, 0.20816052), (0.9691711, 0.16292354), (0.78457063, 0.34769705), (0.958683, 0.17378369), (0.9911256, 0.14140461), (0.4370697, 0.69584), (0.7928461, 0.34059492), (0.728554, 0.40496883), (0.73749113, 0.39627105), (0.7745514, 0.35925892), (0.7996137, 0.33431777), (0.5260785, 0.60800064), (0.8135758, 0.32119545), (0.91748965, 0.2173257), (0.71974635, 0.41562915), (0.9100394, 0.2255436), (0.8168815, 0.31891447), (0.97476685, 0.1611955), (0.9893627, 0.14664128), (0.976261, 0.1602902), (0.99177414, 0.14487204), (0.76580703, 0.37098265), (0.98753595, 0.14928572), (0.8027158, 0.3341747), (0.97765505, 0.15952341), (0.54422456, 0.59309196), (0.81288177, 0.32472456), (0.9839152, 0.15389976), (0.4843254, 0.6535945), (0.7847805, 0.35320207), (0.7888346, 0.34917006), (0.79481393, 0.34325987), (0.4449964, 0.69322276), (0.9942165, 0.14411071), (0.53082603, 0.6078721), (0.9305781, 0.20820288), (0.5156927, 0.6233374), (0.9586491, 0.18042004), (0.9130536, 0.2260161), (0.6051549, 0.5339456), (0.5669727, 0.57225996), (0.99356973, 0.14617579), (0.99206483, 0.14778502), (0.59295, 0.5469561), (0.9728457, 0.16709833), (0.7597261, 0.38044858), (0.71405417, 0.42612785), (0.5091486, 0.6314198), (0.9813213, 0.15931478), (0.8049221, 0.33610326), (0.9920938, 0.14911194), (0.7468634, 0.39449394), (0.9089569, 0.23241878), (0.99286866, 0.14889722), (0.43555915, 0.7065708), (0.46468505, 0.6774751), (0.81512386, 0.327127), (0.9980782, 0.14470083), (0.99490553, 0.14791155), (0.7398604, 0.40328342), (0.5032319, 0.64000016), (0.45265782, 0.6905781), (0.9918362, 0.15144542), (0.7214588, 0.42190182), (0.56216663, 0.58157283), (0.98757106, 0.15622714), (0.92009383, 0.22400978), (0.911682, 0.23249048), (0.8072633, 0.3372712), (0.97456616, 0.17013073), (0.75265044, 0.3924171), (0.97996736, 0.16511962), (0.91450846, 0.23070404), (0.9795281, 0.16640252), (0.73218524, 0.4137539), (0.9100883, 0.23597203), (0.7941277, 0.35197943), (0.97868556, 0.16751015), (0.5361172, 0.61012733), (0.4285022, 0.71780527), (0.5550402, 0.59152937), (0.50608736, 0.6404842), (0.48058206, 0.6659921), (0.58683854, 0.5597876), (0.9957483, 0.15095167), (0.99404055, 0.15267934), (0.4229283, 0.724199), (0.49328628, 0.65434414), (0.4277849, 0.7199057), (0.42810172, 0.71974164), (0.92649287, 0.2214078), (0.9718879, 0.17649586), (0.91298753, 0.23561913), (0.91596544, 0.23294953), (0.550375, 0.5991002), (0.47289804, 0.6765867), (0.8038149, 0.34577522), (0.9835857, 0.16619782), (0.9178422, 0.2323887), (0.98303217, 0.16728976), (0.7859229, 0.36456233), (0.9789038, 0.17181996), (0.9822253, 0.1685326), (0.49960172, 0.6516121), (0.7987295, 0.35254446), (0.7494823, 0.40189478), (0.9906861, 0.1607042), (0.43835932, 0.7137138), (0.43829703, 0.71394986), (0.808536, 0.3437895), (0.4381977, 0.7141729), (0.43689632, 0.71573097), (0.5417383, 0.6109494), (0.9877211, 0.16556756), (0.9965842, 0.15675177), (0.9082464, 0.24514455), (0.42862785, 0.7248475), (0.99178565, 0.16180637), (0.57594126, 0.57768303), (0.98728704, 0.16722159), (0.7336024, 0.42137256), (0.80677366, 0.34868884), (0.56528044, 0.59023297), (0.72209346, 0.43346763), (0.98692554, 0.16870052), (0.5454197, 0.6104798), (0.91122186, 0.24481657), (0.90962994, 0.24643892), (0.807171, 0.34900966), (0.80393255, 0.35229266), (0.43742737, 0.71897084), (0.5215177, 0.63508826), (0.4331898, 0.7234849), (0.79706, 0.3597985), (0.7427679, 0.4146328), (0.80474854, 0.3527422), (0.9936098, 0.16406949), (0.52801657, 0.63025975), (0.9889337, 0.16965437), (0.42800263, 0.7306634), (0.81255066, 0.3461507), (0.42053917, 0.73824733), (0.77032864, 0.3884974), (0.912838, 0.24609813), (0.42476627, 0.7346197), (0.8025292, 0.35688338), (0.555027, 0.60516655), (0.50278836, 0.657636), (0.91454697, 0.24597654), (0.9937476, 0.16701493), (0.9162662, 0.24485387), (0.53301513, 0.62820584), (0.481096, 0.68073136), (0.49795726, 0.6638816), (0.7504613, 0.41211757), (0.51589817, 0.64685327), (0.917652, 0.24524663), (0.61371654, 0.5497784), (0.58731365, 0.5762214), (0.81057274, 0.35346693), (0.6077526, 0.5564398), (0.62804115, 0.5365614), (0.76133645, 0.40338838), (0.80491114, 0.36014062), (0.8180605, 0.34707636), (0.5805431, 0.5848682), (0.82778096, 0.33769962), (0.7949523, 0.37086493), (0.9290016, 0.23751134), (0.93392795, 0.23264638), (0.9386553, 0.22796787), (0.70806825, 0.45886296), (0.9783124, 0.18874303), (0.9830587, 0.18406452), (0.9879745, 0.17919956), (0.49325493, 0.6741662), (0.44286653, 0.7246866), (0.5767612, 0.5909045), (0.5624325, 0.6052566), (0.81854886, 0.34955907), (0.44315696, 0.72507817), (0.8285588, 0.3403039), (0.8146224, 0.3545984), (0.73456633, 0.43486017), (0.8311292, 0.33926892), (0.53737867, 0.6331954), (0.600644, 0.5704141), (0.75084984, 0.4203557), (0.421082, 0.75021195), (0.50025463, 0.6711165), (0.46691048, 0.7044729), (0.49228007, 0.67929006), (0.90966904, 0.2626623), (0.8374517, 0.33498904), (0.76110584, 0.41202533), (0.5707474, 0.6024315), (0.9160745, 0.25711122), (0.8091399, 0.36415914), (0.83180845, 0.3418384), (0.43909454, 0.7345958), (0.9112126, 0.26250952), (0.83712244, 0.33665362), (0.56775427, 0.60620326), (0.542117, 0.6319796), (0.8054061, 0.36899215), (0.9081025, 0.26632053), (0.81555676, 0.35905558), (0.5600324, 0.6145998), (0.8212975, 0.35376236), (0.5144821, 0.66064715), (0.8369006, 0.3386954), (0.549837, 0.6266014), (0.5452718, 0.6313185), (0.63055825, 0.54648143), (0.42682382, 0.7502732), (0.8403381, 0.33680397), (0.8330761, 0.34410936), (0.83681166, 0.3407099), (0.52278996, 0.65485525), (0.50630236, 0.6714766), (0.84056807, 0.33734035), (0.82327026, 0.3555733), (0.8134043, 0.3654394), (0.7927062, 0.38617778), (0.56182736, 0.61729014), (0.81108725, 0.36803812), (0.7439066, 0.43543112), (0.8136869, 0.36607215), (0.8413839, 0.3386138), (0.8020407, 0.37801808), (0.8326577, 0.34748796), (0.91304183, 0.26713756), (0.6450283, 0.53581214), (0.8171587, 0.36377996), (0.45944354, 0.7214999), (0.83591986, 0.345166), (0.5750918, 0.60607076), (0.81715, 0.36416993), (0.8389603, 0.3426191), (0.58708745, 0.5946222), (0.5565749, 0.62518334), (0.8210752, 0.36068976), (0.84223926, 0.33965534), (0.4899259, 0.6922486), (0.84208137, 0.3405762), (0.76210904, 0.42054948), (0.9153162, 0.26755673), (0.5266919, 0.6562937), (0.7192358, 0.4639422), (0.53195, 0.6514519), (0.81296754, 0.37049216), (0.5597236, 0.6238152), (0.594031, 0.58958405), (0.8362472, 0.34739864), (0.84471655, 0.33910987), (0.53490996, 0.6489991), (0.9177167, 0.26627517), (0.8422595, 0.34174418), (0.7861476, 0.3978765), (0.483481, 0.7006323), (0.83414394, 0.34998712), (0.81688064, 0.3674756), (0.81017506, 0.37479454), (0.84708095, 0.33805588), (0.5627997, 0.62237215), (0.82113373, 0.36408123), (0.9450882, 0.24021503), (0.9081956, 0.27729115), (0.63154805, 0.5540833), (0.9904833, 0.19530311), (0.43297482, 0.75331426), (0.52156544, 0.6648617), (0.43596166, 0.7505833), (0.5241603, 0.6624101), (0.9096118, 0.27722123), (0.5132943, 0.67404544), (0.7515204, 0.43589565), (0.5059359, 0.68159086), (0.80611587, 0.38198635), (0.57007027, 0.6180558), (0.9114654, 0.2769328), (0.84216803, 0.34632066), (0.8370079, 0.35149977), (0.94240147, 0.24658018), (0.53746384, 0.65152824), (0.60658175, 0.58270967), (0.78164315, 0.40787414), (0.9968823, 0.1927011), (0.8233106, 0.36695653), (0.7989358, 0.39167544), (0.81361306, 0.37723863), (0.61813146, 0.57314056), (0.5729603, 0.61841506), (0.5808228, 0.6106059), (0.70160425, 0.4899546), (0.82351637, 0.3689635), (0.57413137, 0.61837786), (0.8408153, 0.35196295), (0.52326626, 0.6702689), (0.5613769, 0.6324104), (0.85985833, 0.33406794), (0.82277834, 0.37116364), (0.7795625, 0.41469717), (0.6605187, 0.5340494), (0.95832705, 0.23628238), (0.9166796, 0.2780399), (0.98639804, 0.20850801), (0.4957027, 0.69937646), (0.5838486, 0.61161083), (0.918262, 0.2772417), (0.8733722, 0.32234365), (0.83142805, 0.3645308), (0.64862853, 0.5474546), (0.81641316, 0.379699), (0.9132122, 0.2829113), (0.6447698, 0.5516149), (0.54505765, 0.65156746), (0.86884373, 0.3280321), (0.8122375, 0.3847028), (0.82388395, 0.37332493), (0.7752842, 0.42207155), (0.9147717, 0.28312698), (0.51878154, 0.67957246), (0.78918755, 0.40935868), (0.83198214, 0.3668531), (0.4588512, 0.74007124), (0.9077072, 0.29163194), (0.82445765, 0.37527698), (0.49901593, 0.70077384), (0.6310488, 0.5691598), (0.95829314, 0.24291874), (0.640717, 0.5607683), (0.4794606, 0.72209257), (0.99305135, 0.2085504), (0.5547407, 0.64698356), (0.9096582, 0.2922498), (0.5981222, 0.6037884), (0.5027357, 0.69926846), (0.52181697, 0.680193), (0.5677117, 0.6343865), (0.8066172, 0.395601), (0.83495367, 0.36736327), (0.7663902, 0.43598688), (0.78175354, 0.4213335), (0.5710364, 0.63220745), (0.66703296, 0.53643805), (0.83425283, 0.36931548), (0.7870991, 0.41648412), (0.7332895, 0.47047338), (0.9112382, 0.29267508), (0.8263966, 0.37809542), (0.48730493, 0.7173178), (0.5743095, 0.63065594), (0.8396208, 0.36602637), (0.5726378, 0.63304013), (0.4709773, 0.73487103), (0.83151543, 0.37458992), (0.9781005, 0.22818823), (0.8016969, 0.40552068), (0.8829294, 0.32441008), (0.83931965, 0.36824954), (0.8354946, 0.3721806), (0.95825076, 0.24982631), (0.53552103, 0.6727458), (0.69851553, 0.50982916), (0.99995893, 0.20859276), (0.62379783, 0.5848648), (0.8390242, 0.36988124), (0.91653866, 0.2925052), (0.5543009, 0.65497434), (0.83794355, 0.3715877), (0.9147469, 0.29520577), (0.84396476, 0.36611667), (0.9185327, 0.29161194), (0.834924, 0.3752451), (0.8596956, 0.35063085), (0.79749167, 0.41303188), (0.5273787, 0.6833683), (0.543699, 0.66749096), (0.7436693, 0.4680875), (0.9715319, 0.24035913), (0.87581444, 0.33612517), (0.91315776, 0.29886663), (0.84196925, 0.3701011), (0.99033916, 0.22176377), (0.84311694, 0.36903036), (0.8388339, 0.37333244), (0.71404314, 0.49821678), (0.58176243, 0.63083327), (0.84227645, 0.37046027), (0.58830255, 0.624454), (0.62662494, 0.58679956), (0.6487506, 0.56521577), (0.67070735, 0.5434289), (0.44036984, 0.77417266), (0.61441237, 0.6001335), (0.5467142, 0.668041), (0.8423382, 0.37264258), (0.83745646, 0.37771657), (0.8416643, 0.37355983), (0.59545255, 0.61983967), (0.449982, 0.7653125), (0.9096922, 0.30579287), (0.8412241, 0.374448), (0.982779, 0.23291759), (0.5772369, 0.6385277), (0.7967558, 0.41953117), (0.8916543, 0.32463765), (0.66362184, 0.55269396), (0.44363952, 0.77301943), (0.8440404, 0.37323323), (0.9075274, 0.30984777), (0.5641839, 0.65333307), (0.4955877, 0.7228182), (0.83638203, 0.3820958), (0.55728614, 0.66135645), (0.5540761, 0.66470295), (0.5261496, 0.69292456), (0.5429938, 0.67609555), (0.7532292, 0.46601218), (0.5516923, 0.6675736), (0.9111768, 0.30813995), (0.49937886, 0.7200365), (0.5154805, 0.70410854), (0.7824574, 0.4377802), (0.6598561, 0.56038314), (0.50718105, 0.7131693), (0.9741339, 0.24675816), (0.9967128, 0.22444203), (0.6693016, 0.55223346), (0.8972581, 0.32437116), (0.91645694, 0.30550987), (0.97721744, 0.24569352), (0.66248703, 0.5605586), (0.6424237, 0.58068323), (0.85943353, 0.36432242), (0.8746897, 0.34914038), (0.6740256, 0.5502063), (0.53111786, 0.69315326), (0.4304676, 0.7944727), (0.5462067, 0.6787931), (0.5729242, 0.6522223), (0.99111116, 0.23431927), (0.9876355, 0.23783341), (0.65817016, 0.56804657), (0.6229607, 0.60345924), (0.890487, 0.33636937), (0.792238, 0.43509555), (0.6673699, 0.5599818), (0.71099174, 0.516583), (0.5488141, 0.67877465), (0.84639037, 0.38144454), (0.6494014, 0.5785296), (0.5759912, 0.65225625), (0.5506606, 0.67791533), (0.91871333, 0.30988473), (0.9148017, 0.31385955), (0.5775471, 0.65187776), (0.99101853, 0.23852469), (0.9061181, 0.32357764), (0.5708253, 0.6589637), (0.9098924, 0.3201218), (0.66267747, 0.5676821), (0.90185523, 0.32880428), (0.8368891, 0.39377892), (0.61720324, 0.6135899), (0.9064552, 0.32437116), (0.91287106, 0.31816542), (0.50216085, 0.72897536), (0.5832591, 0.6481091), (0.6473289, 0.58488387), (0.9779227, 0.25429812), (0.5912602, 0.6411935), (0.7682282, 0.46439198), (0.80091774, 0.4317795), (0.90956396, 0.32363933), (0.6721524, 0.56153786), (0.5053468, 0.7284706), (0.61200136, 0.6224358), (0.5657719, 0.66922736), (0.552354, 0.6827546), (0.91720915, 0.31837717), (0.53767914, 0.69825053), (0.87289065, 0.36320704), (0.91316414, 0.32342386), (0.91205907, 0.32463765), (0.8886025, 0.34812665), (0.58842, 0.64835095), (0.8973606, 0.33975744), (0.60998, 0.62715924), (0.60034394, 0.6374274), (0.5416349, 0.6964828), (0.6753439, 0.5628432), (0.651873, 0.5867272), (0.5518212, 0.6873397), (0.5825914, 0.65670997), (0.6804702, 0.5592617), (0.5576017, 0.6822542), (0.8479084, 0.39226335), (0.67902184, 0.56121093), (0.91658664, 0.3237638), (0.66907823, 0.57134163), (0.59553456, 0.6450795), (0.8361151, 0.40586826), (0.6798737, 0.5623122), (0.6606468, 0.5820263), (0.4422144, 0.8006747), (0.5614673, 0.681455), (0.678241, 0.5651019), (0.92040706, 0.32365596), (0.54838216, 0.69568956), (0.7320813, 0.5123254), (0.990767, 0.253856), (0.9207843, 0.32441008), (0.55035144, 0.6949503), (0.6737877, 0.57205874), (0.90635175, 0.33976454), (0.8679224, 0.37859756), (0.5767648, 0.66993904), (0.59859, 0.6481889), (0.664021, 0.58394796), (0.67574215, 0.57235634), (0.6398819, 0.6085344), (0.60863346, 0.63984084), (0.5937066, 0.6550198), (0.7848586, 0.4639937), (0.97928137, 0.2702216), (0.9132259, 0.33636937), (0.746933, 0.5026932), (0.5800717, 0.6695802), (0.5266967, 0.72312194), (0.5320105, 0.71781045), (0.5291438, 0.72084844), (0.683015, 0.5669911), (0.4522769, 0.7989119), (0.45470405, 0.79656446), (0.68202186, 0.57003814), (0.6814093, 0.5712968), (0.89078176, 0.36223117), (0.62934756, 0.6242543), (0.7265797, 0.52703685), (0.65360653, 0.60097504), (0.6332392, 0.62180024), (0.90185493, 0.35349825), (0.9919915, 0.2638625), (0.6671065, 0.58880854), (0.6851461, 0.57100576), (0.7583355, 0.49785137), (0.63832515, 0.61793923), (0.51521367, 0.74134743), (0.6892785, 0.56754005), (0.8741988, 0.3827478), (0.5991604, 0.65815127), (0.6624162, 0.5955313), (0.50732714, 0.75119805), (0.85030043, 0.4084681), (0.5101061, 0.7498182), (0.53764516, 0.72235227), (0.8827127, 0.37736952), (0.70764303, 0.55258965), (0.71454513, 0.5457816), (0.57150024, 0.68926066), (0.59168667, 0.6690791), (0.62506074, 0.6358043), (0.6052583, 0.65567946), (0.8654922, 0.3960057), (0.73185813, 0.52985924), (0.5567086, 0.705409), (0.7982931, 0.46391475), (0.48815495, 0.7743881), (0.5396043, 0.7233733), (0.48462552, 0.77851665), (0.91508937, 0.34844413), (0.5844745, 0.67945373), (0.89081705, 0.3732265), (0.5886505, 0.6754786), (0.67319524, 0.59102726), (0.9279592, 0.33643055), (0.7366705, 0.5278742), (0.7722788, 0.49399984), (0.46778405, 0.79871464), (0.5027203, 0.764416), (0.8973346, 0.3698409), (0.87576586, 0.39187574), (0.7117288, 0.5559447), (0.492348, 0.77561873), (0.625145, 0.64287513), (0.901856, 0.36654326), (0.99827886, 0.27093166), (0.54565567, 0.7240174), (0.62107545, 0.64912885), (0.63546604, 0.6349249), (0.5494497, 0.72095287), (0.99820656, 0.272312), (0.5780356, 0.6925268), (0.67882895, 0.5918034), (0.74934244, 0.5218438), (0.49895838, 0.77231574), (0.6990417, 0.5723688), (0.64575934, 0.6256551), (0.6078259, 0.66360027), (0.5634543, 0.70815706), (0.8829837, 0.3886676), (0.6058593, 0.6659155), (0.6537251, 0.6181835), (0.6702434, 0.6018204), (0.8590852, 0.41307756), (0.8697647, 0.4045463), (0.4824205, 0.7921159), (0.8114958, 0.46360278), (0.91294813, 0.36224547), (0.5989012, 0.6764007), (0.8762766, 0.39937463), (0.71985364, 0.55584836), (0.9063823, 0.36983797), (0.89060324, 0.38621524), (0.6127382, 0.66480917), (0.55896246, 0.7186943), (0.56841296, 0.70937854), (0.4655701, 0.8125227), (0.5968108, 0.6813557), (0.6461633, 0.63202035), (0.9290349, 0.34938908), (0.46367833, 0.81558967), (0.8808962, 0.3986306), (0.78794575, 0.49201375), (0.861892, 0.4183926), (0.86959136, 0.4114506), (0.557363, 0.72461724), (0.5192834, 0.7627537), (0.66106284, 0.62098366), (0.76360404, 0.51892674), (0.8986822, 0.3844685), (0.58745277, 0.6961734), (0.87870425, 0.40493554), (0.5133095, 0.77159095), (0.5369115, 0.74811596), (0.64398915, 0.64106333), (0.88773084, 0.39764482), (0.6100836, 0.67551684), (0.68657684, 0.5992455), (0.91288763, 0.3732447), (0.675403, 0.6121491), (0.66841364, 0.6196341), (0.6817968, 0.6062724), (0.6554483, 0.63275003), (0.8635757, 0.4256663), (0.6890088, 0.60045236), (0.6892699, 0.60054487), (0.70275384, 0.5875997), (0.8744249, 0.41595605), (0.6222497, 0.6683563), (0.90632236, 0.3843959), (0.59468365, 0.6964042), (0.8870215, 0.4041558), (0.77586204, 0.51562655), (0.4554641, 0.83638227), (0.670141, 0.6222609), (0.7148115, 0.57825834), (0.6612473, 0.63189834), (0.69432145, 0.599059), (0.5362668, 0.7573201), (0.9308227, 0.36320704), (0.52567005, 0.76853013), (0.9440177, 0.35063085), (0.8989905, 0.3959838), (0.58602583, 0.70911497), (0.8028662, 0.49267888), (0.5774079, 0.7182358), (0.5809325, 0.715444), (0.4056715, 0.8910742), (0.64973366, 0.6473061), (0.60789806, 0.6891997), (0.8826783, 0.41443235), (0.8630844, 0.43404287), (0.6591308, 0.6380999), (0.41024572, 0.88733125), (0.63818693, 0.6596409), (0.9210026, 0.3773655), (0.46627182, 0.8321429), (0.40917817, 0.88960767), (0.72143275, 0.5774191), (0.91311, 0.38621524), (0.56899905, 0.73042464), (0.6927303, 0.607973), (0.55058986, 0.7502417), (0.68993133, 0.6109928), (0.5441381, 0.75712854), (0.6902413, 0.61119443), (0.7073663, 0.59409285), (0.6631547, 0.63859713), (0.5599778, 0.7419442), (0.87105834, 0.43092546), (0.39896035, 0.9031071), (0.6020613, 0.7003235), (0.57141757, 0.7310277), (0.90137684, 0.4011897), (0.408728, 0.8942663), (0.895474, 0.40822428), (0.7904514, 0.5133177), (0.592181, 0.71181756), (0.89003056, 0.41412535), (0.41380876, 0.8903819), (0.4167903, 0.8880804), (0.48574883, 0.81919104), (0.41317117, 0.8920411), (0.40290904, 0.90246606), (0.6125339, 0.6929056), (0.90814936, 0.39729324), (0.6815469, 0.6239357), (0.4059999, 0.89975995), (0.57473093, 0.731115), (0.6167595, 0.6894219), (0.6330971, 0.67324233), (0.55001426, 0.7564647), (0.47918957, 0.8274087), (0.86083734, 0.44632986), (0.47744596, 0.82993656), (0.66874826, 0.63874793), (0.4034406, 0.9041183), (0.5663756, 0.7411993), (0.5573028, 0.7507271), (0.40221998, 0.9062669), (0.4053514, 0.9032274), (0.94427973, 0.36432242), (0.92072964, 0.3886676), (0.58622193, 0.7234746), (0.41302776, 0.8966911), (0.5093682, 0.8004494), (0.6899093, 0.6204119), (0.64647716, 0.6640267), (0.8784953, 0.4320903), (0.40135008, 0.9094684), (0.51557726, 0.7953305), (0.40136713, 0.90971196), (0.57071304, 0.7404341), (0.40506065, 0.9061404), (0.8948585, 0.41650376), (0.65484136, 0.6565487), (0.40443963, 0.9073669), (0.9085453, 0.4034607), (0.9295101, 0.38274497), (0.69858015, 0.6137316), (0.41039488, 0.90205574), (0.40503168, 0.9074673), (0.66470647, 0.64788586), (0.8184793, 0.49411413), (0.40776283, 0.90499663), (0.5044639, 0.8083464), (0.52004826, 0.7930895), (0.9159824, 0.39764482), (0.6625183, 0.6515224), (0.403085, 0.9110347), (0.67502505, 0.6391824), (0.8681669, 0.4460986), (0.6049823, 0.7094531), (0.9359975, 0.37876293), (0.59574294, 0.71913713), (0.4052893, 0.90980077), (0.6958504, 0.6193946), (0.40054134, 0.91510713), (0.52362144, 0.7924099), (0.6895364, 0.62704366), (0.40958953, 0.90764105), (0.51075417, 0.8072459), (0.80518836, 0.51298463), (0.5463698, 0.7720616), (0.8836677, 0.43477312), (0.89680445, 0.42222893), (0.892297, 0.42679146), (0.53091675, 0.7888454), (0.9279474, 0.39187574), (0.90184224, 0.41815582), (0.6901372, 0.6299087), (0.4174674, 0.9027857), (0.69037914, 0.6298759), (0.6074466, 0.7128626), (0.6200178, 0.7005208), (0.69060373, 0.6299716), (0.41917866, 0.9019327), (0.44343042, 0.87782454), (0.92281705, 0.3986306), (0.8749777, 0.44680536), (0.42094353, 0.90087587), (0.9181902, 0.40438712), (0.41518, 0.9075935), (0.8981009, 0.42493486), (0.6009246, 0.7221929), (0.42525092, 0.8980626), (0.53566206, 0.7880753), (0.6941481, 0.62979645), (0.89362305, 0.4303908), (0.40955448, 0.9145825), (0.6923877, 0.6320574), (0.6527323, 0.67213464), (0.8847269, 0.44018984), (0.9088104, 0.41648033), (0.41321027, 0.9122551), (0.4064392, 0.9190595), (0.40533984, 0.9201617), (0.690274, 0.6352327), (0.5780612, 0.7477622), (0.95974857, 0.36611667), (0.72283506, 0.60310084), (0.40351593, 0.92242485), (0.90185666, 0.42434594), (0.5786187, 0.74762356), (0.61580306, 0.7105091), (0.70541847, 0.6213378), (0.9274367, 0.39937463), (0.54715776, 0.7796792), (0.6126679, 0.7144971), (0.8795945, 0.4478329), (0.91368276, 0.41412535), (0.4890495, 0.8387648), (0.49193716, 0.8362416), (0.5912651, 0.7371373), (0.88661826, 0.44183135), (0.4033779, 0.9253703), (0.67262256, 0.6561825), (0.6934247, 0.6354778), (0.90690887, 0.42222893), (0.6384375, 0.6911559), (0.5817564, 0.74813074), (0.9250091, 0.40493554), (0.6762173, 0.6539755), (0.5546391, 0.7756301), (0.90561235, 0.42493486), (0.65690947, 0.67386854), (0.5930898, 0.7378794), (0.5860677, 0.74538136), (0.42013645, 0.91179603), (0.687135, 0.64499027), (0.8836714, 0.44927436), (0.4094044, 0.9239229), (0.4158042, 0.91767013), (0.57634705, 0.7574818), (0.42178655, 0.9121214), (0.9382211, 0.3960057), (0.48641026, 0.8478172), (0.50352347, 0.8315093), (0.60051847, 0.73469293), (0.8211422, 0.51413244), (0.40983844, 0.9255769), (0.921035, 0.41443235), (0.42323193, 0.9122527), (0.71482885, 0.6209879), (0.40819186, 0.92800975), (0.6176864, 0.7186245), (0.43246263, 0.9040629), (0.41019997, 0.92705584), (0.4194705, 0.91787875), (0.5891627, 0.7486589), (0.58281493, 0.7552328), (0.4135398, 0.92455316), (0.9114163, 0.42679146), (0.9339486, 0.4045463), (0.95732296, 0.38144454), (0.6045255, 0.7344688), (0.5810847, 0.7582191), (0.4208645, 0.91864556), (0.69598264, 0.6437093), (0.41409338, 0.9256451), (0.67080045, 0.6692791), (0.42942157, 0.91102797), (0.91009027, 0.4303908), (0.41715813, 0.92347497), (0.5910568, 0.7503765), (0.4814474, 0.86004907), (0.6996097, 0.64192826), (0.44280523, 0.89875436), (0.4149002, 0.9268879), (0.42235863, 0.91955084), (0.5244752, 0.8175758), (0.4175974, 0.9247579), (0.53008485, 0.8125709), (0.61030346, 0.7332243), (0.5717242, 0.77191144), (0.5929524, 0.75090206), (0.46839887, 0.8758109), (0.41843998, 0.92586553), (0.92928845, 0.41595605), (0.9895237, 0.35580602), (0.93412197, 0.4114506), (0.5363777, 0.8097451), (0.7047213, 0.6414478), (0.56825316, 0.7784519), (0.5984574, 0.7488059), (0.95580494, 0.39226335), (0.6269121, 0.72126085), (0.41822177, 0.9301753), (0.6127043, 0.73585856), (0.5006992, 0.8483682), (0.42795444, 0.9212789), (0.42427987, 0.92545366), (0.588636, 0.7611989), (0.6845679, 0.66693264), (0.5058814, 0.8460578), (0.69205546, 0.65994394), (0.5454599, 0.8072281), (0.64217925, 0.7105645), (0.60093504, 0.75287586), (0.92004555, 0.43477312), (0.51322615, 0.842757), (0.72733957, 0.62882996), (0.6492071, 0.7069706), (0.6212487, 0.73553604), (0.92521805, 0.4320903), (0.65699697, 0.70064354), (0.94462806, 0.41307756), (0.66736615, 0.69054675), (0.4927543, 0.8654494), (0.5910639, 0.7673094), (0.46806833, 0.8903463), (0.58342576, 0.77512234), (0.50262135, 0.856225), (0.917095, 0.44183135), (0.59405506, 0.7649675), (0.55574644, 0.80331635), (0.91898644, 0.44018984), (0.6047796, 0.75440043), (0.6797452, 0.67977136), (0.9418213, 0.4183926), (0.57169133, 0.78989774), (0.9534129, 0.4084681), (0.7008518, 0.66115427), (0.5645174, 0.7978518), (0.5899606, 0.7724466), (0.6173947, 0.74607456), (0.9326549, 0.43092546), (0.5624119, 0.8025817), (0.68383205, 0.6817246), (0.60846347, 0.7572739), (0.53019804, 0.8355491), (0.9401376, 0.4256663), (0.5953242, 0.7711841), (0.69049406, 0.6771282), (0.52238613, 0.84530073), (0.5997898, 0.76827425), (0.5155032, 0.85317934), (0.60986006, 0.75916904), (0.49549884, 0.87353665), (0.9200419, 0.44927436), (0.89299417, 0.47701365), (0.6234039, 0.74668324), (0.57274044, 0.797445), (0.60253024, 0.7677721), (0.543685, 0.8270507), (0.53746384, 0.8335413), (0.636845, 0.73421484), (0.97588634, 0.39534646), (0.4303456, 0.94127005), (0.9241188, 0.4478329), (0.51088023, 0.86178684), (0.6989329, 0.67381716), (0.54977053, 0.8230969), (0.9675982, 0.40586826), (0.55854994, 0.8152971), (0.88391465, 0.49040824), (0.51598907, 0.85851336), (0.90649897, 0.46808672), (0.94062895, 0.43404287), (0.9823594, 0.3924147), (0.5828111, 0.79200697), (0.97673917, 0.39879155), (0.9287356, 0.44680536), (0.50348186, 0.8723849), (0.611494, 0.76439893), (0.98243123, 0.3937958), (0.5204388, 0.85586643), (0.71519566, 0.66153634), (0.5992962, 0.7784315), (0.5253088, 0.85304), (0.60478497, 0.7741067), (0.9779598, 0.40094012), (0.7077278, 0.6714475), (0.8978518, 0.48193064), (0.52031046, 0.85955894), (0.60234123, 0.77780306), (0.5062592, 0.8740437), (0.62856126, 0.75181746), (0.52314126, 0.85787), (0.61256003, 0.7688023), (0.93554634, 0.4460986), (0.64584064, 0.73591065), (0.51841193, 0.86349535), (0.59689796, 0.78516865), (0.49177188, 0.8905257), (0.54348797, 0.839376), (0.8902898, 0.49308717), (0.9091016, 0.4744873), (0.66504186, 0.71855944), (0.6714437, 0.7124126), (0.58553594, 0.79868656), (0.9778799, 0.4067631), (0.56248933, 0.82270527), (0.58166, 0.804253), (0.57750094, 0.8087505), (0.60721546, 0.77957493), (0.97703713, 0.40980324), (0.8806677, 0.50626135), (0.97570133, 0.411539), (0.922386, 0.46501783), (0.53082407, 0.85729957), (0.5132457, 0.87502396), (0.61889523, 0.7695715), (0.90253145, 0.48665267), (0.942876, 0.44632986), (0.6489316, 0.7414212), (0.7029614, 0.6877805), (0.5943399, 0.79640275), (0.53465724, 0.85635245), (0.53022623, 0.8615558), (0.7270695, 0.66475844), (0.53271437, 0.85934216), (0.6065482, 0.7855178), (0.88757694, 0.5063037), (0.53408945, 0.8601636), (0.9223436, 0.47191858), (0.5219871, 0.8723315), (0.6059454, 0.78891945), (0.49377322, 0.9011185), (0.5230719, 0.87184846), (0.58934116, 0.8066937), (0.6310602, 0.7651251), (0.54952717, 0.84673536), (0.9994525, 0.39711714), (0.53591585, 0.86077464), (0.5258728, 0.87114465), (0.5838578, 0.8132285), (0.72771835, 0.66940063), (0.5384832, 0.8587346), (0.57843536, 0.8191713), (0.5814081, 0.8163704), (0.68078315, 0.71719235), (0.60345244, 0.7946328), (0.6209761, 0.7772095), (0.55061424, 0.84761804), (0.6131927, 0.78587776), (0.99497736, 0.40420887), (0.9974381, 0.40178025), (0.55889374, 0.8403873), (0.5466092, 0.8528559), (0.6874732, 0.71204716), (0.72096545, 0.679315), (0.89423186, 0.5063461), (0.9223097, 0.47855657), (0.6091999, 0.79200375), (0.52995783, 0.87127703), (0.97563076, 0.42574677), (0.5656239, 0.8363825), (0.9758602, 0.42628443), (0.6577357, 0.7445585), (0.6145086, 0.78810894), (0.6318935, 0.7707282), (0.9833562, 0.41967252), (0.62403274, 0.7799947), (0.7311851, 0.6729157), (0.51513755, 0.88945687), (0.97853094, 0.426206), (0.6665969, 0.7382772), (0.8837451, 0.52215683), (0.5991679, 0.8067721), (0.6237942, 0.7823882), (0.93823063, 0.46826476), (0.56233466, 0.8443605), (0.978746, 0.42809945), (0.72402424, 0.6830846), (0.6030801, 0.80465984), (0.5872938, 0.8207314), (0.5383551, 0.8702358), (0.98163867, 0.4269679), (0.53234154, 0.8763927), (0.5245025, 0.88457334), (0.59431934, 0.8149462), (0.646565, 0.7627152), (0.9833221, 0.42603523), (0.5165772, 0.89306027), (0.89014566, 0.51955426), (0.9355517, 0.47463143), (0.509033, 0.9018445), (0.6324051, 0.7790102), (0.6828134, 0.72867763), (0.44500732, 0.96651626), (0.61329865, 0.7984725), (0.5992845, 0.8126765), (0.5739089, 0.83846456), (0.6490339, 0.7645296), (0.9899039, 0.42416918), (0.99479955, 0.4203359), (0.5352705, 0.8800683), (0.5842975, 0.8311988), (0.99426913, 0.42128572), (0.7306471, 0.6857015), (0.7198509, 0.6965749), (0.54246384, 0.87409043), (0.98471403, 0.43205133), (0.9812181, 0.4355672), (0.671401, 0.7455318), (0.99711275, 0.42062402), (0.6943165, 0.7234683), (0.9796392, 0.43824285), (0.979739, 0.43839797), (0.99625576, 0.42195028), (0.9794121, 0.43894532), (0.60837483, 0.8104706), (0.9877813, 0.43109345), (0.9990996, 0.41995943), (0.5141344, 0.9053638), (0.5994418, 0.82071793), (0.9985691, 0.42166206), (0.7089632, 0.71213925), (0.5040054, 0.91813093), (0.52798414, 0.89438915), (0.52016157, 0.9034602), (0.990242, 0.43352208), (0.60679483, 0.817688), (0.987796, 0.4374379), (0.698681, 0.7273296), (0.5981622, 0.8289099), (0.99685025, 0.43075123), (0.9953064, 0.4324167), (0.6278675, 0.80005777), (0.892655, 0.53566164), (0.9999666, 0.42839992), (0.89758253, 0.5307955), (0.902311, 0.5261159), (0.9997366, 0.4289363), (0.5128949, 0.91585803), (0.9419777, 0.48688155), (0.94672513, 0.48220193), (0.95164216, 0.47733578), (0.541558, 0.8876454), (0.99660313, 0.43283787), (0.98640096, 0.44344234), (0.9922563, 0.43818516), (0.6529698, 0.7781278), (0.99806213, 0.4331005), (0.67746824, 0.75374067), (0.99481225, 0.43831313), (0.65574, 0.77766645), (0.9947735, 0.4393428), (0.51802266, 0.91618645), (0.6261302, 0.8082226), (0.60753787, 0.82724965), (0.5316276, 0.9033729), (0.99567723, 0.4394057), (0.728477, 0.7072129), (0.9999153, 0.43777996), (0.99988246, 0.4379031), (0.5335491, 0.9045905), (0.9998195, 0.43861258), (0.510732, 0.92949414), (0.6786263, 0.7624847), (0.7180898, 0.7237269), (0.54949653, 0.89259064), (0.6084084, 0.8364646), (0.62427115, 0.82223374), (0.9087455, 0.538366), (0.9541515, 0.49344322), (0.6195847, 0.8280128), (0.5267811, 0.92081726), (0.6613161, 0.78673005), (0.6010092, 0.847586), (0.5341555, 0.9155415), (0.5166348, 0.93349177), (0.54242444, 0.907791), (0.90605813, 0.5447327), (0.63805664, 0.81282514), (0.9605521, 0.49084058), (0.6770464, 0.77455956), (0.696597, 0.7552009), (0.6631032, 0.7887138), (0.598336, 0.85348904), (0.5101922, 0.94274336), (0.82394516, 0.6297893), (0.53070694, 0.9232755), (0.8180022, 0.63641864), (0.49730283, 0.9576802), (0.63655066, 0.81898427), (0.92198753, 0.5344324), (0.9500653, 0.50665134), (0.71158326, 0.74536186), (0.6046484, 0.8527917), (0.7174939, 0.74005145), (0.6003071, 0.8572409), (0.81984633, 0.6379606), (0.6019114, 0.8561013), (0.55144435, 0.9073555), (0.61534303, 0.8435179), (0.6568699, 0.8020231), (0.641182, 0.8181772), (0.534098, 0.926601), (0.8223531, 0.6385494), (0.81658137, 0.6443578), (0.60126203, 0.86015713), (0.6825, 0.7799595), (0.8243531, 0.63835007), (0.60763675, 0.8551461), (0.9219536, 0.54107034), (0.60445875, 0.85895514), (0.95672023, 0.5066937), (0.82676464, 0.6370602), (0.530315, 0.9343979), (0.6521766, 0.81260145), (0.81919897, 0.64565325), (0.7024452, 0.76277107), (0.81552154, 0.6501359), (0.8293515, 0.6371727), (0.8307754, 0.635838), (0.5236529, 0.94434), (0.9417658, 0.5263363), (0.92191124, 0.5479796), (0.5165185, 0.953495), (0.54294187, 0.92735994), (0.9636295, 0.5067361), (0.55136544, 0.9190365), (0.8187758, 0.6527542), (0.82544315, 0.6463349), (0.51168835, 0.96076524), (0.6582764, 0.8144465), (0.59786564, 0.87519735), (0.5333251, 0.9399959), (0.68278635, 0.7908922), (0.9351956, 0.53851014), (0.64617574, 0.8275507), (0.95400745, 0.5199103), (0.61825657, 0.8559895), (0.82294804, 0.6521017), (0.6383786, 0.837175), (0.828019, 0.6479631), (0.52923155, 0.94741356), (0.83400947, 0.6432125), (0.54224443, 0.9350791), (0.9464454, 0.5310668), (0.604653, 0.8732629), (0.8200893, 0.6595588), (0.6584215, 0.8217876), (0.8313249, 0.6501842), (0.63534206, 0.8467188), (0.93779826, 0.5449107), (0.9603826, 0.5225892), (0.83513486, 0.6489537), (0.59661597, 0.8880003), (0.8244603, 0.66110235), (0.53303576, 0.95334506), (0.5294448, 0.9569729), (0.95130306, 0.5359838), (0.67466843, 0.81279206), (0.5146918, 0.9741632), (0.6130526, 0.87681866), (0.81922835, 0.67095613), (0.51882684, 0.9717796), (0.67466843, 0.81713885), (0.52476484, 0.9673611), (0.6658962, 0.8267448), (0.8324876, 0.66089296), (0.5424116, 0.95097005), (0.8358109, 0.6583137), (0.5165391, 0.9776178), (0.6626982, 0.8334668), (0.6516941, 0.8448975), (0.52653295, 0.9711294), (0.6611043, 0.8377183), (0.53070015, 0.9684897), (0.59872234, 0.9005758), (0.54146945, 0.95842975), (0.5333849, 0.966938), (0.5196935, 0.98157847), (0.6354038, 0.8662069), (0.5690413, 0.9328978), (0.90926105, 0.5933454), (0.53111434, 0.9717282), (0.62835455, 0.8751505), (0.6423769, 0.8613093), (0.6704686, 0.83322257), (0.5744916, 0.92938805), (0.8323428, 0.6716456), (0.532676, 0.97142047), (0.6495091, 0.85586977), (0.6095852, 0.8958916), (0.6910604, 0.8144465), (0.67804134, 0.82754797), (0.597028, 0.9086336), (0.81738675, 0.688897), (0.6632476, 0.8431467), (0.57866794, 0.9277953), (0.5690413, 0.93793607), (0.53434885, 0.97341967), (0.8379185, 0.67014045), (0.6705614, 0.8375599), (0.8254443, 0.6833404), (0.5420113, 0.9669118), (0.60099393, 0.9089258), (0.67748183, 0.8329788), (0.6574011, 0.8533194), (0.9171215, 0.5936793), (0.5766376, 0.93438107), (0.6696643, 0.8428359), (0.69090664, 0.82174265), (0.62316215, 0.8895984), (0.5690413, 0.943899), (0.6773252, 0.8362252), (0.59442514, 0.9192003), (0.66002584, 0.85396636), (0.6340102, 0.8800952), (0.542945, 0.97190976), (0.66440207, 0.851186), (0.65817213, 0.8578544), (0.67704487, 0.83929414), (0.8221384, 0.69452685), (0.5842151, 0.93275213), (0.5403683, 0.9769352), (0.5920734, 0.9252597), (0.64353466, 0.8742512), (0.8323638, 0.68546784), (0.6538291, 0.86403143), (0.57798237, 0.94003284), (0.5970574, 0.92101586), (0.66324097, 0.8553703), (0.67689, 0.84192467), (0.6633289, 0.85559803), (0.6640371, 0.8550875), (0.66291255, 0.8565052), (0.59023076, 0.92925876), (0.6640019, 0.85571414), (0.66410005, 0.855797), (0.6661538, 0.85375047), (0.68676597, 0.8334126), (0.66417927, 0.8561598), (0.6702025, 0.85029364), (0.63665104, 0.8838671), (0.67218524, 0.84847665), (0.8173816, 0.7033623), (0.5877477, 0.93305284), (0.67620176, 0.8453522), (0.5690413, 0.9526451), (0.6669191, 0.85582656), (0.6668273, 0.8560953), (0.83692205, 0.68663627), (0.5859815, 0.9380558), (0.6626345, 0.86202556), (0.67025703, 0.8545023), (0.6347518, 0.8900308), (0.5961121, 0.92876375), (0.67207056, 0.85321593), (0.67446834, 0.8511856), (0.5925322, 0.9332613), (0.6882964, 0.8376769), (0.822835, 0.7033274), (0.7081546, 0.8181772), (0.66647434, 0.8599744), (0.6691357, 0.85731846), (0.6787733, 0.84862286), (0.9386871, 0.58894473), (0.6697376, 0.8583713), (0.64930636, 0.8788078), (0.64387625, 0.884479), (0.61773527, 0.911034), (0.6729517, 0.85601306), (0.6020053, 0.9269667), (0.68608415, 0.84309083), (0.6588698, 0.87036794), (0.67905146, 0.850278), (0.662206, 0.86794245), (0.67440134, 0.8558928), (0.70295376, 0.82761055), (0.5690413, 0.9618695), (0.6767883, 0.8542626), (0.65569943, 0.87540656), (0.6481074, 0.88310415), (0.64422077, 0.88745004), (0.6783764, 0.8534352), (0.67466843, 0.8574008), (0.9197842, 0.6124379), (0.63706577, 0.8955908), (0.67466843, 0.8584724), (0.57886475, 0.9543184), (0.6475509, 0.8863241), (0.66655684, 0.867776), (0.67130333, 0.8634213), (0.64718795, 0.887549), (0.6483083, 0.8866832), (0.6747045, 0.8603215), (0.66374254, 0.87137437), (0.6508601, 0.8843262), (0.842407, 0.69285494), (0.6485879, 0.88687027), (0.6483891, 0.88711417), (0.66660106, 0.8691648), (0.66516113, 0.8708698), (0.68499947, 0.85118425), (0.6514368, 0.8847591), (0.6833107, 0.85310525), (0.64386183, 0.89261436), (0.6542983, 0.88266754), (0.67466843, 0.8624612), (0.6688988, 0.86823875), (0.82179785, 0.71550536), (0.58720326, 0.9501641), (0.68004096, 0.8573452), (0.6489355, 0.88847446), (0.6815395, 0.8559629), (0.6740125, 0.863577), (0.6519358, 0.88567793), (0.6618438, 0.8759258), (0.65192354, 0.8859403), (0.657945, 0.8799293), (0.6795336, 0.8583569), (0.6097926, 0.9281154), (0.815555, 0.72236043), (0.6821272, 0.85616744), (0.65189224, 0.8866771), (0.6666111, 0.87223697), (0.6689411, 0.8700861), (0.5953483, 0.94379467), (0.6482208, 0.89110863), (0.67327243, 0.86641777), (0.6701609, 0.8695514), (0.6762796, 0.8636132), (0.6649, 0.8750848), (0.6849251, 0.8552425), (0.8376178, 0.7026758), (0.67183566, 0.86858296), (0.6559442, 0.88459694), (0.6856978, 0.8549894), (0.6701208, 0.87088037), (0.685252, 0.85578984), (0.6851522, 0.85594493), (0.6736858, 0.8674614), (0.5690413, 0.97213614), (0.68565893, 0.8560191), (0.63152134, 0.91020596), (0.68923473, 0.85259223), (0.6713275, 0.87050307), (0.67023814, 0.871597), (0.6560374, 0.88608193), (0.6974868, 0.8448446), (0.8413019, 0.7010446), (0.6865628, 0.85608196), (0.66937315, 0.87341964), (0.653721, 0.8891732), (0.6678642, 0.8752056), (0.6731095, 0.8699727), (0.65780026, 0.88609856), (0.684543, 0.8595923), (0.6571866, 0.8870126), (0.6772998, 0.86703074), (0.6887419, 0.85582346), (0.83464396, 0.7099894), (0.6235747, 0.9211075), (0.6746896, 0.8699993), (0.6729636, 0.87198544), (0.679988, 0.8649652), (0.9106356, 0.6343612), (0.69197226, 0.8533787), (0.6528374, 0.8926184), (0.6774614, 0.86860675), (0.6761992, 0.8699947), (0.67270255, 0.8735652), (0.9171104, 0.6298834), (0.9173325, 0.629782), (0.6570226, 0.89013207), (0.6043072, 0.9432942), (0.65054214, 0.89728993), (0.6760627, 0.8719803), (0.71082574, 0.8372181), (0.6646959, 0.8835076), (0.66120785, 0.8870508), (0.66125566, 0.8870597), (0.67466843, 0.8737394), (0.66283166, 0.8856264), (0.6780169, 0.87050843), (0.66199267, 0.88665646), (0.6804457, 0.868241), (0.8276643, 0.7210392), (0.67917573, 0.8695514), (0.6724007, 0.8764659), (0.6917058, 0.8571884), (0.6617964, 0.88745326), (0.6885272, 0.86106753), (0.6605343, 0.8890625), (0.67921084, 0.8708782), (0.67663425, 0.8735652), (0.61935294, 0.9310506), (0.6804128, 0.87007606), (0.6828188, 0.86779875), (0.9385877, 0.6121677), (0.6629615, 0.88783723), (0.67466843, 0.87624407), (0.6790814, 0.8718376), (0.93877685, 0.6125832), (0.8201941, 0.73157233), (0.6827355, 0.8691648), (0.5797906, 0.97254574), (0.6495055, 0.9029269), (0.5690413, 0.9836247), (0.66049653, 0.89235145), (0.6799378, 0.87342185), (0.676931, 0.8764965), (0.5972885, 0.9561844), (0.8411203, 0.71334976), (0.68690026, 0.8677691), (0.68272567, 0.87223697), (0.68417567, 0.8708698), (0.61190975, 0.9436098), (0.6996404, 0.8560513), (0.64085674, 0.91496503), (0.67039126, 0.8854599), (0.6746851, 0.88152075), (0.66690654, 0.88948566), (0.61650413, 0.9400581), (0.6814011, 0.87520874), (0.8137917, 0.7430418), (0.68559426, 0.87137437), (0.8380881, 0.71894073), (0.6624758, 0.8949858), (0.72972804, 0.8280267), (0.69163865, 0.8673679), (0.68444794, 0.87512493), (0.5690413, 0.99064666), (0.6329241, 0.9268892), (0.7136444, 0.84667754), (0.5881146, 0.9727779), (0.6064464, 0.95474124), (0.9090807, 0.65367484), (0.67118573, 0.89168173), (0.66309154, 0.89980453), (0.65175354, 0.9113847), (0.6874777, 0.87600285), (0.90413773, 0.65986586), (0.678956, 0.88543403), (0.6758102, 0.88903785), (0.8130307, 0.75185156), (0.6287894, 0.936274), (0.83508766, 0.73034215), (0.8263557, 0.7393489), (0.5795869, 0.98642486), (0.9052208, 0.66080207), (0.6912564, 0.87524074), (0.8403207, 0.7264971), (0.6995405, 0.86789703), (0.6148047, 0.9528137), (0.6252963, 0.9426744), (0.90795255, 0.66011846), (0.68459964, 0.88349414), (0.7068442, 0.86166584), (0.6494174, 0.91918874), (0.81852305, 0.7503986), (0.6758654, 0.89306724), (0.9113013, 0.65792507), (0.83772796, 0.73185927), (0.67133117, 0.89829624), (0.6210921, 0.94893354), (0.59882206, 0.9720823), (0.6964702, 0.8744671), (0.6912366, 0.8800316), (0.90753293, 0.6639719), (0.8138775, 0.7577579), (0.6601766, 0.9115969), (0.6824725, 0.8894995), (0.6864939, 0.88563174), (0.57875305, 0.9935558), (0.6453256, 0.92769533), (0.68691504, 0.88653576), (0.91046536, 0.66333723), (0.6863484, 0.8878703), (0.68761194, 0.8867726), (0.6682074, 0.90659344), (0.68746245, 0.8874642), (0.68807125, 0.88704544), (0.68812895, 0.8870508), (0.9117535, 0.6635028), (0.5876954, 0.98774916), (0.7304712, 0.8451793), (0.6414, 0.93449473), (0.7408564, 0.8357863), (0.68124133, 0.89626074), (0.69152164, 0.8860968), (0.69493604, 0.8827177), (0.6886477, 0.8891856), (0.69340265, 0.88460547), (0.9556959, 0.6227534), (0.637164, 0.9416339), (0.657554, 0.9213898), (0.7002074, 0.8789716), (0.69235504, 0.88698316), (0.6932992, 0.88608193), (0.6091987, 0.97024906), (0.8991699, 0.68075144), (0.7136434, 0.86630815), (0.8187635, 0.7614401), (0.6808671, 0.8997248), (0.5868027, 0.99445164), (0.6889089, 0.8923748), (0.8173629, 0.76413834), (0.7067199, 0.8748111), (0.9070053, 0.6749438), (0.6875745, 0.894709), (0.6977551, 0.88473606), (0.69221026, 0.8902874), (0.6984954, 0.88433266), (0.6974257, 0.8856833), (0.6961505, 0.88701195), (0.69738305, 0.88593245), (0.7014188, 0.8830818), (0.9041622, 0.68045926), (0.8403359, 0.74449444), (0.6784373, 0.9064463), (0.69850403, 0.88684416), (0.67088085, 0.9146085), (0.6963719, 0.8892078), (0.6549442, 0.93076813), (0.7364862, 0.8493546), (0.8267371, 0.7592022), (0.8187902, 0.7672614), (0.6193906, 0.9671623), (0.5995575, 0.98754036), (0.83850324, 0.7486051), (0.70073605, 0.8868555), (0.70102847, 0.8866832), (0.7009477, 0.88711417), (0.7017859, 0.8863241), (0.9105538, 0.67786735), (0.69648063, 0.8926041), (0.6371995, 0.95218885), (0.7021406, 0.8875325), (0.7053906, 0.8844689), (0.9185687, 0.67209953), (0.703001, 0.887844), (0.69209695, 0.8990215), (0.63068736, 0.96049464), (0.8207463, 0.77047575), (0.66751987, 0.9237037), (0.6514125, 0.94002366), (0.7010185, 0.89110464), (0.83528227, 0.75774163), (0.91871834, 0.6753332), (0.64624095, 0.9480041), (0.82775515, 0.76669437), (0.7069203, 0.88763404), (0.71527123, 0.8799304), (0.5996775, 0.9956958), (0.7209994, 0.87437576), (0.7483274, 0.847586), (0.6815667, 0.9143861), (0.8259503, 0.7703921), (0.712741, 0.8839292), (0.69170946, 0.90505266), (0.90285397, 0.69412225), (0.6118989, 0.98554003), (0.8947407, 0.70285547), (0.74475205, 0.8530112), (0.703547, 0.8943599), (0.7437413, 0.8548603), (0.8397825, 0.75896585), (0.67466843, 0.9244803), (0.91856277, 0.6809063), (0.9675774, 0.6319729), (0.9247339, 0.675198), (0.6659452, 0.934111), (0.908416, 0.6920991), (0.83203965, 0.7699319), (0.743727, 0.8588069), (0.8398118, 0.7629032), (0.6897592, 0.9130111), (0.74742514, 0.8561013), (0.7137165, 0.889882), (0.903201, 0.7011498), (0.7510008, 0.85348904), (0.6818167, 0.9237037), (0.62460613, 0.980919), (0.9120624, 0.6941122), (0.7490295, 0.8572409), (0.70682836, 0.90063536), (0.8382152, 0.7696529), (0.93057513, 0.67736816), (0.6136914, 0.9943796), (0.74807477, 0.86015713), (0.9063418, 0.70190626), (0.6630526, 0.9454794), (0.84081864, 0.76800525), (0.9095086, 0.6994567), (0.6975833, 0.9113847), (0.67466843, 0.93580574), (0.6390955, 0.97262), (0.6569684, 0.9552192), (0.91313165, 0.69910944), (0.6917826, 0.9213898), (0.65009797, 0.9630971), (0.91055596, 0.70318985), (0.7260332, 0.8892403), (0.91317034, 0.7034025), (0.7422878, 0.87504417), (0.68339145, 0.934111), (0.62808317, 0.99089515), (0.69991934, 0.91918874), (0.9294502, 0.6915536), (0.70848626, 0.91513646), (0.924888, 0.698749), (0.67466843, 0.94951046), (0.92020774, 0.7041912), (0.6943926, 0.93076813), (0.71841186, 0.9072606), (0.9292684, 0.6964821), (0.7514589, 0.87523437), (0.8714349, 0.7555851), (0.6456606, 0.9826876), (0.96048224, 0.66813415), (0.6669236, 0.96210945), (0.65939903, 0.97129786), (0.88483804, 0.746514), (0.862525, 0.7690899), (0.70401096, 0.92769533), (0.6862842, 0.9454794), (0.9327933, 0.700963), (0.93977326, 0.6955168), (0.7399749, 0.89643687), (0.87635195, 0.7604512), (0.69792414, 0.94002366), (0.9270002, 0.7121033), (0.88752544, 0.7528807), (0.8689256, 0.7716925), (0.7527206, 0.8880003), (0.7079368, 0.93449473), (0.9333963, 0.7096859), (0.7164904, 0.92697465), (0.90069115, 0.7432671), (0.8594476, 0.78498536), (0.682413, 0.96210945), (0.732709, 0.91248053), (0.93563455, 0.7096802), (0.88109094, 0.7651308), (0.72563446, 0.9208425), (0.6923684, 0.9552192), (0.74254423, 0.905472), (0.8901026, 0.75901), (0.8750888, 0.77420187), (0.93588114, 0.7149675), (0.90073353, 0.75017637), (0.9444092, 0.7065439), (0.7030957, 0.9480041), (0.7506143, 0.9005758), (0.86635685, 0.784943), (0.7121728, 0.9416339), (0.8858045, 0.7697765), (0.7205474, 0.936274), (0.90076745, 0.7568143), (0.89267135, 0.7650969), (0.87301177, 0.7849006), (0.8812096, 0.7767112), (0.748749, 0.909675), (0.75230855, 0.9086336), (0.7299836, 0.9310506), (0.6899376, 0.97129786), (0.9475197, 0.714792), (0.6992386, 0.9630971), (0.9165782, 0.746336), (0.88951766, 0.77344733), (0.86269456, 0.8008385), (0.939751, 0.7239349), (0.9399795, 0.7238489), (0.9008098, 0.7634184), (0.7121373, 0.95218885), (0.94028324, 0.7241005), (0.9431768, 0.72122574), (0.8796074, 0.7848667), (0.894689, 0.76989526), (0.8860249, 0.7786611), (0.94329214, 0.7214404), (0.93900484, 0.726212), (0.94295496, 0.7236605), (0.91397554, 0.75273657), (0.72404027, 0.9426744), (0.8690697, 0.79815954), (0.73954445, 0.928674), (0.8922644, 0.7761602), (0.90084374, 0.76859814), (0.89618105, 0.77342194), (0.88478714, 0.78484124), (0.88957703, 0.78011924), (0.9114662, 0.7588913), (0.9519434, 0.71871305), (0.9450233, 0.72576463), (0.8752075, 0.79558235), (0.89448553, 0.7783559), (0.7328719, 0.94005305), (0.90086067, 0.77239615), (0.75227916, 0.92101586), (0.8885936, 0.7848158), (0.8974018, 0.776211), (0.8923831, 0.7812976), (0.9409105, 0.7327857), (0.90897375, 0.76501215), (0.7549114, 0.9192003), (0.93911445, 0.7351753), (0.8812944, 0.79300517), (0.89599454, 0.77985644), (0.74737734, 0.92876697), (0.90087765, 0.77538025), (0.8915862, 0.78479886), (0.907007, 0.7698359), (0.8982835, 0.7785848), (0.8947738, 0.7821454), (0.88608426, 0.79099596), (0.72824466, 0.94893354), (0.9008946, 0.77799135), (0.9055488, 0.77337104), (0.89420575, 0.78478193), (0.8896279, 0.78950393), (0.71864927, 0.96049464), (0.8980716, 0.78179777), (0.90436196, 0.77616864), (0.892417, 0.78829163), (0.7374268, 0.9436098), (0.75322473, 0.92876375), (0.9035057, 0.7785593), (0.89479923, 0.7874184), (0.90091157, 0.7816028), (0.7572632, 0.9252597), (0.8979105, 0.78476495), (0.7102411, 0.97262), (0.941609, 0.74260545), (0.930083, 0.7552629), (0.9252253, 0.7601799), (0.9205457, 0.7649104), (0.91589147, 0.7696155), (0.90375155, 0.78176385), (0.91222066, 0.77332866), (0.90949935, 0.7760669), (0.9073037, 0.7782796), (0.9058116, 0.77980554), (0.9009285, 0.784748), (0.89604545, 0.78969043), (0.89455336, 0.7912164), (0.89235765, 0.79343754), (0.88963634, 0.7961758), (0.8981055, 0.7877321), (0.8859655, 0.79988897), (0.88131136, 0.80459404), (0.87663174, 0.80931604), (0.8717741, 0.81423306), (0.7036762, 0.9826876), (0.7345321, 0.9528137), (0.74502957, 0.9432942), (0.75910604, 0.92925876), (0.9039465, 0.78473103), (0.9009455, 0.7878932), (0.90704936, 0.78207755), (0.8983513, 0.79093665), (0.7568046, 0.9332613), (0.9094315, 0.78120434), (0.8974866, 0.79331887), (0.90378547, 0.7876982), (0.9122291, 0.77999204), (0.9076428, 0.7847141), (0.89630824, 0.79612494), (0.9009624, 0.7915046), (0.91576433, 0.7785), (0.90707475, 0.7873506), (0.90356505, 0.79090273), (0.8948501, 0.79966855), (0.76158893, 0.93305284), (0.91026235, 0.7846971), (0.9009794, 0.7941157), (0.90586245, 0.7896396), (0.9205626, 0.7764908), (0.72994596, 0.9671623), (0.8928833, 0.80448383), (0.7428902, 0.95474124), (0.90946543, 0.7881899), (0.9044552, 0.79328495), (0.7539885, 0.94379467), (0.7651217, 0.93275213), (0.91326344, 0.7846802), (0.9009963, 0.7970998), (0.77066886, 0.9277953), (0.9073715, 0.7911401), (0.9266496, 0.7739136), (0.8903909, 0.8106047), (0.76335526, 0.9380558), (0.91227156, 0.78937674), (0.91706985, 0.78465474), (0.9056675, 0.79607403), (0.9010133, 0.8009063), (0.90958416, 0.7933358), (0.93278736, 0.77133644), (0.7748452, 0.92938805), (0.8878815, 0.8167594), (0.72473043, 0.980919), (0.9158321, 0.7908349), (0.90716803, 0.7996007), (0.9222497, 0.7846293), (0.77269924, 0.93438107), (0.9010472, 0.8060776), (0.9391625, 0.7686575), (0.7520483, 0.9561844), (0.9123394, 0.79604864), (0.8852789, 0.82316), (0.74013793, 0.97024906), (0.77135444, 0.94003284), (0.72125363, 0.99089515), (0.76213896, 0.9504187), (0.7802955, 0.9328978), (0.92064744, 0.79278475), (0.9288452, 0.7845954), (0.9091857, 0.8043991), (0.9010896, 0.81269014), (0.9160526, 0.79971945), (0.7802955, 0.93793607), (0.93550014, 0.784553), (0.9011235, 0.8193281), (0.92676824, 0.7952941), (0.9117544, 0.81048596), (0.75051475, 0.9720823), (0.73743796, 0.98554003), (0.7802955, 0.943899), (0.7705071, 0.9544058), (0.9207576, 0.80436516), (0.9424094, 0.7845106), (0.9011659, 0.82622886), (0.7356454, 0.9943796), (0.9329314, 0.79780346), (0.9143316, 0.8166153), (0.7802955, 0.9526451), (0.7612222, 0.9727779), (0.92550504, 0.8090448), (0.9040678, 0.8330456), (0.74977934, 0.98754036), (0.939332, 0.8004061), (0.91701055, 0.82298195), (0.91746765, 0.82397676), (0.89516, 0.8465471), (0.7695463, 0.97254574), (0.7802955, 0.9618695), (0.93042207, 0.81391096), (0.7496593, 0.9956958), (0.90898365, 0.8379106), (0.76164114, 0.98774916), (0.9201544, 0.8303419), (0.90155905, 0.84914917), (0.7802955, 0.97213614), (0.93331695, 0.8207306), (0.8920834, 0.8624388), (0.7697499, 0.98642486), (0.9137215, 0.8425891), (0.762534, 0.99445164), (0.922731, 0.8364697), (0.9077208, 0.8516579), (0.9333593, 0.8276382), (0.898991, 0.8623964), (0.7802955, 0.9836247), (0.77058375, 0.9935558), (0.9184339, 0.84723365), (0.93339324, 0.83427453), (0.92529905, 0.84255517), (0.9056443, 0.86235404), (0.9138401, 0.8541667), (0.7802955, 0.99064666), (0.9492001, 0.8237988), (0.92214614, 0.8509036), (0.89532954, 0.8782881), (0.9334356, 0.840877), (0.91223824, 0.8623201), (0.92731625, 0.8473523), (0.91865426, 0.85611606), (0.9465981, 0.8301978), (0.9017031, 0.8756098), (0.92489225, 0.85361576), (0.9334695, 0.84605557), (0.928808, 0.8508782), (0.9174168, 0.86229473), (0.9222055, 0.85757387), (0.94408935, 0.83635104), (0.9078394, 0.8730332), (0.9271128, 0.85581094), (0.93348646, 0.8498526), (0.9212223, 0.8622693), (0.93002844, 0.8536666), (0.9250109, 0.85875195), (0.9415976, 0.8424704), (0.9139249, 0.8704567), (0.9286215, 0.85731107), (0.9335034, 0.852836), (0.9242142, 0.86225235), (0.9396312, 0.847293), (0.9309099, 0.85603976), (0.927401, 0.8595995), (0.91871357, 0.86844796), (0.9335204, 0.85544646), (0.9381734, 0.8508273), (0.92683315, 0.86223537), (0.92225635, 0.8669563), (0.930698, 0.859252), (0.93698686, 0.8536242), (0.9250448, 0.8657443), (0.9361308, 0.8560143), (0.92742646, 0.86487126), (0.9335373, 0.85905707), (0.930537, 0.86221844), (0.9627017, 0.83272356), (0.9578452, 0.83763933), (0.95316666, 0.8423687), (0.9485136, 0.84707266), (0.93637663, 0.8592181), (0.9448437, 0.8507849), (0.94212306, 0.85352254), (0.9399279, 0.85573465), (0.93843615, 0.8572602), (0.93355423, 0.8622015), (0.9286723, 0.86714274), (0.92718065, 0.8686683), (0.92498547, 0.87088895), (0.9222648, 0.87362653), (0.9307319, 0.8651849), (0.9185949, 0.8773388), (0.91394186, 0.88204277), (0.9092633, 0.88676363), (0.90440685, 0.89167947), (0.93657154, 0.8621845), (0.9335712, 0.8653459), (0.9396736, 0.8595317), (0.9309777, 0.86838865), (0.9420552, 0.85865873), (0.9301132, 0.8707703), (0.93641055, 0.865151), (0.9448522, 0.85744673), (0.9402669, 0.8621676), (0.92893505, 0.8735757), (0.93358815, 0.8689565), (0.9483865, 0.855955), (0.93969905, 0.8648035), (0.9361901, 0.86835474), (0.9274773, 0.87711847), (0.9428858, 0.8621506), (0.9336051, 0.87156695), (0.93848705, 0.8670919), (0.95318365, 0.8539463), (0.92551094, 0.88193256), (0.94208914, 0.86564255), (0.9370801, 0.87073636), (0.9458862, 0.8621337), (0.93362206, 0.87455034), (0.9399957, 0.868592), (0.95926905, 0.85136974), (0.9230192, 0.8880519), (0.94489455, 0.86682916), (0.9496917, 0.86210823), (0.9382921, 0.87352484), (0.933639, 0.87835586), (0.9422078, 0.8707872), (0.96540534, 0.84879315), (0.9205104, 0.89420515), (0.94845426, 0.8682869), (0.9397923, 0.87705064), (0.9548703, 0.86208284), (0.9336729, 0.88352597), (0.971779, 0.8461149), (0.9449623, 0.8734994), (0.9179084, 0.9006042), (0.9532684, 0.8702363), (0.9614642, 0.8620489), (0.9418095, 0.8818478), (0.9337153, 0.8901369), (0.9486746, 0.8771693), (0.9040678, 0.924027), (0.96811754, 0.86200655), (0.9337492, 0.8967732), (0.9593877, 0.8727451), (0.94437754, 0.88793325), (0.91746765, 0.9149582), (0.89516, 0.93752855), (0.95337856, 0.8818139), (0.9750251, 0.86196417), (0.9337916, 0.90367234), (0.90898365, 0.928892), (0.96554947, 0.87525386), (0.9469541, 0.8940611), (0.9201544, 0.9213233), (0.90155905, 0.9401306), (0.9581249, 0.88649243), (0.93331695, 0.91171205), (0.8920834, 0.9534202), (0.9137215, 0.9335705), (0.9719485, 0.87785584), (0.94963235, 0.9004262), (0.922731, 0.92745113), (0.9077208, 0.94263935), (0.9333593, 0.91861963), (0.898991, 0.95337784), (0.9630407, 0.89135736), (0.9184339, 0.9382151), (0.93339324, 0.92525595), (0.92529905, 0.9335366), (0.9056443, 0.95333546), (0.9138401, 0.9451481), (0.9492001, 0.9147802), (0.92214614, 0.941885), (0.89532954, 0.9692695), (0.9334356, 0.9318584), (0.91223824, 0.95330155), (0.92731625, 0.93833375), (0.91865426, 0.9470975), (0.9465981, 0.92117923), (0.9017031, 0.96659124), (0.92489225, 0.9445972), (0.9334695, 0.937037), (0.928808, 0.9418596), (0.9174168, 0.95327616), (0.9222055, 0.94855523), (0.94408935, 0.92733246), (0.9078394, 0.96401465), (0.9271128, 0.94679236), (0.93348646, 0.94083405), (0.9212223, 0.9532507), (0.93002844, 0.944648), (0.9250109, 0.9497334), (0.9415976, 0.93345183), (0.9139249, 0.9614381), (0.9286215, 0.9482925), (0.9335034, 0.94381744), (0.9242142, 0.9532338), (0.9396312, 0.93827444), (0.9309099, 0.9470212), (0.927401, 0.9505809), (0.91871357, 0.9594294), (0.9335204, 0.9464279), (0.9381734, 0.9418087), (0.92683315, 0.9532168), (0.92225635, 0.9579377), (0.930698, 0.9502334), (0.93698686, 0.94460565), (0.9250448, 0.9567257), (0.9361308, 0.94699574), (0.92742646, 0.9558527), (0.9335373, 0.9500385), (0.930537, 0.95319986), (0.9627017, 0.923705), (0.9578452, 0.92862076), (0.95316666, 0.93335015), (0.9485136, 0.9380541), (0.93637663, 0.95019954), (0.9448437, 0.9417663), (0.94212306, 0.94450396), (0.9399279, 0.94671607), (0.93843615, 0.94824165), (0.93355423, 0.95318294), (0.9286723, 0.95812416), (0.92718065, 0.95964974), (0.92498547, 0.9618704), (0.9222648, 0.96460795), (0.9307319, 0.9561663), (0.9185949, 0.96832025), (0.91394186, 0.9730242), (0.9092633, 0.97774506), (0.90440685, 0.9826609), (0.93657154, 0.95316595), (0.9335712, 0.9563273), (0.9396736, 0.9505131), (0.9309777, 0.9593701), (0.9420552, 0.94964015), (0.9301132, 0.9617517), (0.93641055, 0.9561324), (0.9448522, 0.94842815), (0.9402669, 0.953149), (0.92893505, 0.9645571), (0.93358815, 0.95993793), (0.9483865, 0.9469364), (0.93969905, 0.9557849), (0.9361901, 0.95933616), (0.9274773, 0.9680999), (0.9428858, 0.95313203), (0.9336051, 0.9625484), (0.93848705, 0.9580733), (0.95318365, 0.9449277), (0.92551094, 0.972914), (0.94208914, 0.956624), (0.9370801, 0.9617178), (0.9458862, 0.9531151), (0.93362206, 0.96553177), (0.9399957, 0.9595735), (0.95926905, 0.94235116), (0.9230192, 0.97903335), (0.94489455, 0.9578106), (0.9496917, 0.95308965), (0.9382921, 0.96450627), (0.933639, 0.9693373), (0.9422078, 0.9617686), (0.96540534, 0.9397746), (0.9205104, 0.9851866), (0.94845426, 0.95926833), (0.9397923, 0.96803206), (0.9548703, 0.95306426), (0.9336729, 0.9745074), (0.971779, 0.9370963), (0.9449623, 0.9644808), (0.9179084, 0.9915856), (0.9532684, 0.96121776), (0.9614642, 0.95303035), (0.9418095, 0.9728292), (0.9337153, 0.9811183), (0.9486746, 0.96815073), (0.96811754, 0.95298797), (0.9337492, 0.9877547), (0.9593877, 0.9637265), (0.94437754, 0.9789147), (0.95337856, 0.9727953), (0.9750251, 0.9529456), (0.9337916, 0.99465376), (0.96554947, 0.9662353), (0.9469541, 0.9850425), (0.9581249, 0.97747386), (0.9719485, 0.96883726), (0.94963235, 0.99140763), (0.9630407, 0.9823388)] (
            interpolation = "faceVarying"
        )
        int[] primvars:st0:indices = [727, 739, 730, 616, 628, 617, 484, 480, 455, 544, 524, 540, 424, 407, 430, 411, 396, 410, 488, 513, 520, 766, 768, 756, 713, 725, 727, 713, 727, 714, 745, 756, 742, 651, 620, 639, 684, 690, 696, 696, 690, 708, 822, 821, 793, 822, 793, 795, 795, 800, 817, 795, 817, 822, 669, 618, 620, 669, 620, 651, 669, 628, 616, 669, 616, 618, 625, 628, 661, 625, 661, 674, 628, 669, 661, 664, 660, 670, 664, 670, 679, 679, 683, 666, 679, 666, 664, 692, 688, 738, 679, 670, 685, 707, 722, 721, 707, 721, 699, 688, 694, 747, 688, 747, 738, 706, 707, 699, 706, 699, 701, 670, 671, 685, 681, 688, 692, 721, 747, 694, 721, 694, 699, 765, 747, 721, 721, 722, 759, 721, 759, 765, 670, 655, 671, 655, 670, 660, 699, 694, 693, 688, 687, 694, 692, 685, 671, 692, 671, 681, 668, 688, 681, 795, 793, 765, 795, 765, 759, 773, 793, 797, 773, 797, 769, 648, 623, 625, 648, 625, 674, 639, 619, 642, 764, 759, 722, 764, 722, 730, 683, 697, 676, 683, 676, 666, 707, 730, 722, 632, 631, 630, 2418, 2408, 2426, 631, 629, 627, 631, 627, 630, 629, 633, 627, 630, 622, 635, 630, 635, 638, 650, 662, 657, 622, 630, 627, 657, 662, 677, 657, 677, 672, 627, 633, 626, 622, 627, 626, 622, 626, 624, 633, 640, 626, 649, 654, 640, 649, 640, 633, 695, 672, 677, 695, 693, 672, 660, 634, 655, 643, 634, 660, 654, 671, 655, 624, 626, 634, 624, 634, 643, 654, 655, 640, 640, 634, 626, 640, 655, 634, 685, 698, 683, 685, 683, 679, 650, 657, 652, 635, 644, 641, 635, 641, 638, 635, 645, 644, 657, 672, 659, 657, 659, 652, 644, 653, 647, 644, 647, 641, 645, 658, 653, 645, 653, 644, 647, 653, 656, 647, 656, 649, 656, 654, 649, 693, 694, 687, 675, 658, 672, 672, 693, 687, 672, 687, 675, 688, 668, 663, 688, 663, 675, 688, 675, 687, 654, 668, 671, 663, 658, 675, 663, 653, 658, 654, 656, 668, 671, 668, 681, 663, 656, 653, 656, 663, 668, 738, 729, 692, 685, 692, 729, 685, 729, 698, 738, 747, 773, 738, 773, 769, 769, 797, 806, 769, 806, 775, 765, 793, 773, 765, 773, 747, 690, 684, 674, 690, 674, 680, 674, 661, 680, 669, 702, 680, 669, 680, 661, 648, 674, 665, 793, 821, 818, 793, 818, 797, 769, 741, 729, 769, 729, 738, 669, 676, 697, 669, 697, 702, 720, 702, 697, 720, 697, 709, 741, 720, 709, 741, 709, 729, 683, 698, 709, 683, 709, 697, 698, 729, 709, 708, 690, 716, 708, 716, 733, 716, 690, 680, 716, 680, 702, 702, 720, 737, 702, 737, 716, 752, 733, 716, 752, 716, 737, 733, 752, 778, 733, 778, 753, 720, 741, 758, 720, 758, 737, 758, 752, 737, 708, 753, 728, 708, 728, 696, 728, 704, 696, 704, 684, 696, 797, 818, 824, 797, 824, 806, 684, 678, 665, 684, 665, 674, 838, 814, 806, 838, 806, 824, 678, 684, 704, 678, 704, 686, 814, 785, 775, 814, 775, 806, 785, 758, 775, 838, 837, 814, 785, 814, 837, 785, 837, 813, 792, 778, 752, 792, 752, 758, 753, 708, 733, 785, 813, 792, 785, 792, 758, 775, 758, 741, 775, 741, 769, 651, 676, 669, 615, 625, 623, 615, 623, 612, 800, 795, 759, 800, 759, 764, 617, 628, 625, 617, 625, 615, 615, 602, 605, 619, 639, 614, 612, 600, 602, 612, 602, 615, 800, 810, 817, 800, 798, 810, 636, 619, 613, 764, 730, 739, 764, 739, 756, 727, 730, 707, 727, 707, 714, 764, 756, 770, 800, 781, 798, 764, 770, 781, 764, 781, 800, 618, 609, 620, 620, 609, 610, 614, 639, 620, 614, 620, 610, 617, 615, 605, 617, 605, 589, 601, 617, 589, 616, 617, 601, 616, 601, 581, 598, 616, 581, 618, 616, 598, 618, 598, 590, 609, 618, 590, 805, 810, 798, 579, 601, 588, 601, 589, 588, 601, 579, 581, 598, 581, 578, 598, 578, 576, 598, 576, 590, 609, 590, 594, 609, 599, 610, 727, 735, 739, 756, 768, 770, 756, 739, 742, 781, 782, 791, 781, 791, 798, 781, 770, 774, 781, 774, 782, 791, 805, 798, 768, 774, 770, 742, 739, 735, 599, 609, 594, 571, 579, 588, 571, 588, 573, 550, 571, 573, 550, 573, 551, 556, 576, 578, 556, 578, 555, 533, 534, 556, 533, 556, 555, 586, 569, 570, 586, 570, 585, 599, 594, 586, 599, 586, 585, 833, 832, 836, 833, 816, 832, 470, 477, 485, 477, 494, 485, 470, 464, 465, 464, 470, 485, 836, 832, 834, 506, 464, 485, 567, 602, 580, 557, 589, 605, 557, 605, 563, 827, 816, 833, 563, 567, 540, 506, 485, 524, 506, 524, 544, 509, 494, 491, 509, 540, 524, 544, 540, 567, 544, 567, 580, 509, 557, 563, 509, 563, 540, 602, 567, 563, 602, 563, 605, 494, 509, 524, 494, 524, 485, 602, 600, 580, 810, 816, 827, 810, 827, 820, 815, 825, 832, 815, 832, 816, 458, 459, 454, 473, 458, 454, 464, 454, 459, 464, 459, 465, 834, 832, 828, 832, 825, 828, 454, 462, 473, 454, 455, 462, 573, 588, 565, 542, 538, 565, 557, 547, 565, 557, 565, 589, 816, 808, 815, 498, 542, 547, 498, 547, 499, 480, 462, 455, 499, 509, 491, 499, 491, 473, 498, 480, 484, 542, 498, 484, 542, 484, 538, 509, 499, 547, 509, 547, 557, 565, 547, 542, 462, 480, 499, 462, 499, 473, 498, 499, 480, 565, 538, 551, 565, 551, 573, 589, 565, 588, 810, 805, 808, 810, 808, 816, 364, 369, 374, 374, 369, 388, 364, 353, 363, 353, 364, 374, 788, 794, 802, 353, 374, 390, 801, 786, 788, 801, 788, 802, 786, 790, 782, 571, 541, 579, 479, 541, 510, 521, 541, 481, 790, 786, 801, 481, 479, 430, 481, 430, 425, 406, 407, 401, 390, 374, 407, 390, 407, 424, 401, 388, 389, 401, 389, 406, 406, 425, 407, 424, 430, 479, 424, 479, 510, 406, 521, 481, 406, 481, 425, 541, 479, 481, 388, 401, 407, 388, 407, 374, 407, 425, 430, 874, 865, 813, 874, 813, 837, 541, 571, 550, 541, 550, 510, 521, 581, 579, 521, 579, 541, 782, 790, 791, 353, 366, 361, 353, 361, 363, 784, 794, 788, 366, 375, 359, 2385, 2370, 2368, 375, 382, 359, 780, 784, 788, 780, 788, 786, 786, 782, 776, 555, 578, 537, 463, 489, 555, 521, 474, 537, 786, 776, 780, 408, 463, 474, 408, 474, 405, 398, 375, 366, 398, 366, 404, 405, 406, 389, 405, 389, 382, 408, 398, 404, 463, 408, 404, 463, 404, 489, 406, 405, 474, 406, 474, 521, 555, 537, 474, 555, 474, 463, 375, 398, 405, 375, 405, 382, 408, 405, 398, 555, 489, 533, 521, 537, 578, 521, 578, 581, 776, 782, 774, 504, 502, 514, 502, 504, 501, 502, 501, 495, 495, 501, 511, 502, 483, 503, 726, 717, 715, 483, 502, 495, 717, 726, 731, 483, 495, 488, 731, 718, 717, 732, 725, 718, 732, 718, 731, 488, 520, 516, 585, 592, 599, 559, 585, 549, 582, 596, 592, 582, 592, 572, 734, 725, 732, 572, 559, 520, 572, 520, 528, 488, 495, 513, 528, 511, 525, 528, 525, 546, 516, 520, 559, 516, 559, 549, 546, 582, 572, 546, 572, 528, 585, 559, 572, 585, 572, 592, 511, 528, 513, 511, 513, 495, 528, 520, 513, 585, 570, 549, 596, 610, 599, 596, 599, 592, 727, 734, 735, 727, 725, 734, 518, 519, 514, 519, 518, 522, 518, 514, 502, 522, 518, 530, 536, 522, 530, 503, 526, 518, 503, 518, 502, 715, 717, 710, 526, 530, 518, 717, 711, 710, 526, 568, 530, 711, 717, 718, 713, 711, 718, 713, 718, 725, 575, 568, 597, 619, 614, 595, 595, 597, 613, 582, 591, 614, 582, 614, 596, 575, 595, 591, 575, 591, 552, 855, 792, 813, 855, 813, 865, 564, 530, 568, 552, 546, 525, 552, 525, 536, 771, 746, 704, 771, 704, 728, 878, 874, 837, 878, 837, 838, 575, 564, 568, 595, 575, 597, 546, 552, 591, 546, 591, 582, 595, 614, 591, 530, 564, 552, 530, 552, 536, 575, 552, 564, 595, 613, 619, 596, 614, 610, 370, 376, 371, 371, 372, 370, 370, 372, 368, 368, 372, 387, 370, 357, 360, 370, 360, 373, 757, 750, 749, 357, 370, 368, 750, 757, 760, 357, 368, 383, 766, 756, 754, 760, 751, 750, 751, 760, 761, 412, 476, 402, 556, 535, 576, 468, 535, 500, 476, 590, 576, 476, 576, 475, 766, 754, 751, 766, 751, 761, 475, 468, 410, 475, 410, 402, 383, 368, 396, 402, 387, 393, 402, 393, 412, 411, 383, 396, 411, 410, 468, 411, 468, 500, 476, 475, 402, 535, 468, 475, 535, 475, 576, 387, 402, 396, 387, 396, 368, 402, 410, 396, 535, 556, 534, 535, 534, 500, 379, 376, 370, 379, 370, 373, 381, 379, 373, 381, 373, 386, 394, 381, 386, 360, 384, 373, 744, 749, 750, 384, 386, 373, 756, 745, 754, 743, 744, 750, 743, 750, 751, 412, 416, 476, 586, 594, 558, 584, 558, 553, 507, 523, 553, 476, 496, 558, 476, 558, 590, 751, 754, 745, 751, 745, 743, 437, 507, 496, 437, 496, 416, 423, 386, 384, 423, 384, 441, 416, 412, 393, 416, 393, 394, 437, 423, 441, 507, 437, 441, 507, 441, 523, 476, 416, 496, 553, 558, 496, 553, 496, 507, 807, 771, 728, 807, 728, 753, 386, 423, 416, 386, 416, 394, 437, 416, 423, 553, 523, 569, 553, 569, 586, 590, 558, 594, 753, 778, 839, 753, 839, 807, 686, 704, 746, 686, 746, 719, 778, 792, 855, 778, 855, 839, 701, 699, 693, 701, 693, 695, 639, 642, 664, 639, 664, 666, 651, 639, 666, 651, 666, 676, 636, 642, 619, 643, 660, 646, 646, 660, 664, 646, 664, 642, 817, 810, 820, 112, 103, 93, 112, 93, 101, 71, 68, 63, 71, 63, 69, 62, 64, 69, 62, 69, 63, 94, 90, 93, 920, 990, 1184, 920, 1184, 1216, 1761, 1907, 1912, 112, 101, 105, 112, 105, 118, 101, 97, 95, 69, 70, 72, 72, 71, 69, 990, 1045, 1184, 82, 84, 92, 83, 82, 91, 99, 91, 82, 99, 82, 92, 98, 102, 101, 102, 105, 101, 89, 92, 84, 84, 85, 89, 85, 87, 92, 85, 92, 89, 100, 92, 96, 99, 92, 100, 2806, 2779, 2693, 2693, 2615, 2673, 2693, 2673, 2806, 2693, 2779, 2590, 2693, 2590, 2615, 2773, 2779, 2844, 2779, 2995, 2844, 95, 98, 101, 2901, 2780, 2810, 2673, 2901, 2806, 2901, 2977, 3027, 2779, 2901, 3027, 2779, 3027, 2995, 920, 1011, 900, 1011, 920, 1216, 900, 1011, 902, 95, 97, 93, 95, 93, 90, 93, 97, 101, 864, 877, 856, 877, 866, 901, 94, 93, 103, 902, 877, 900, 901, 920, 900, 901, 900, 877, 1045, 990, 936, 936, 990, 920, 936, 920, 901]
        uniform token subdivisionScheme = "catmullClark"
    }

    def "Looks"
    {
        def Material "Skin" (
            prepend references = @https://omniverse-content-production.s3-us-west-2.amazonaws.com/Assets/Isaac/5.1/Isaac/People/Characters/F_Business_02/F_Business_02.usd@</Root/female_adult_business_02/Looks/trans__organic__skin>
        )
        {
        }
    }
}
